Sequence,Score,Position
ALTTG,99,"(95, 100)"
AVSTG,93,"(131, 136)"
YATTG,92,"(40, 45)"
AATIG,91,"(76, 81)"
ASTIG,83,"(137, 142)"
ILTTG,83,"(270, 275)"
YLSTG,83,"(340, 345)"
AASIG,82,"(149, 154)"
AASVG,77,"(113, 118)"
AYTQG,76,"(167, 172)"
NITAG,74,"(89, 94)"
NITSG,72,"(107, 112)"
ALGAG,69,"(299, 304)"
ALGAG,69,"(324, 329)"
AEALG,69,"(322, 327)"
ATLLG,68,"(23, 28)"
SLMTG,66,"(52, 57)"
NISVG,64,"(315, 320)"
VGTSG,63,"(58, 63)"
AGIIG,63,"(119, 124)"
IASAG,62,"(126, 131)"
YSALG,62,"(297, 302)"
SIGVG,59,"(151, 156)"
GLSCG,59,"(328, 333)"
MLGLG,59,"(392, 397)"
AATLL,58,"(22, 27)"
TIGGG,58,"(78, 83)"
ASRVG,57,"(83, 88)"
SSSVG,57,"(101, 106)"
GAKIG,57,"(346, 351)"
GVGAG,57,"(356, 361)"
MLMLG,56,"(390, 395)"
ATIGG,55,"(77, 82)"
GGSVG,55,"(155, 160)"
MVTTT,55,"(217, 222)"
ASTTI,55,"(247, 252)"
ADTTL,54,"(229, 234)"
TLFSG,54,"(232, 237)"
STFLG,54,"(304, 309)"
EGCTG,54,"(352, 357)"
NVQSG,53,"(143, 148)"
AKIGG,53,"(347, 352)"
TGDVG,51,"(55, 60)"
TSGAG,51,"(60, 65)"
ITSGG,51,"(108, 113)"
LATTA,51,"(243, 248)"
TITLD,51,"(250, 255)"
GIIGG,50,"(120, 125)"
VQSGG,50,"(144, 149)"
TQGAG,50,"(169, 174)"
TASTT,50,"(246, 251)"
VNSDG,50,"(363, 368)"
VGAAG,48,"(116, 121)"
SGAGG,47,"(61, 66)"
AGSTF,47,"(302, 307)"
FTAVG,46,"(71, 76)"
VSAVG,46,"(162, 167)"
STGDG,46,"(342, 347)"
DATIT,45,"(224, 229)"
ATTAS,45,"(244, 249)"
ATTGA,44,"(41, 46)"
TASTI,44,"(136, 141)"
TITAD,44,"(226, 231)"
ADSLA,44,"(240, 245)"
CTGVG,44,"(354, 359)"
LGLVG,44,"(395, 400)"
ITAGG,43,"(90, 95)"
STIGG,43,"(138, 143)"
AVLIA,43,"(190, 195)"
IWNAG,43,"(291, 296)"
SSVYG,42,"(47, 52)"
GFISG,42,"(65, 70)"
SSVGG,42,"(102, 107)"
STTIT,42,"(248, 253)"
IGGEG,42,"(349, 354)"
SRVGG,41,"(84, 89)"
SLTDT,41,"(195, 200)"
VTTTF,41,"(218, 223)"
TADTT,41,"(228, 233)"
ITLDG,41,"(251, 256)"
AVGAA,40,"(73, 78)"
SLATT,40,"(242, 247)"
VMING,40,"(280, 285)"
WNAGG,40,"(292, 297)"
IGVGG,39,"(152, 157)"
GSVGG,39,"(156, 161)"
IASLT,39,"(193, 198)"
ATITA,39,"(225, 230)"
LSCGG,38,"(329, 334)"
ALSYL,38,"(337, 342)"
ALPLL,37,"(6, 11)"
AAGII,37,"(118, 123)"
AAVLI,37,"(189, 194)"
DILTT,37,"(269, 274)"
AVGAY,36,"(164, 169)"
ASLTD,36,"(194, 199)"
AAQAA,36,"(209, 214)"
LLTAL,35,"(9, 14)"
YGSLM,35,"(50, 55)"
GALTT,35,"(94, 99)"
TGTAS,35,"(134, 139)"
TDTVA,35,"(197, 202)"
TTTFL,35,"(219, 224)"
DTTLF,35,"(230, 235)"
LGTLI,35,"(307, 312)"
SAATL,34,"(21, 26)"
TYATT,34,"(39, 44)"
IVTPP,34,"(182, 187)"
ADILT,34,"(268, 273)"
AAVAA,34,"(408, 413)"
PLLTA,33,"(8, 13)"
DVGTS,33,"(57, 62)"
SVSAV,33,"(161, 166)"
AGSSV,33,"(172, 177)"
LVGTS,33,"(397, 402)"
ASAAT,32,"(20, 25)"
SFTAV,32,"(70, 75)"
ASSSV,32,"(100, 105)"
ANSSV,31,"(45, 50)"
GAATI,31,"(75, 80)"
TVAFN,31,"(199, 204)"
AFSRM,31,"(213, 218)"
ANSNS,31,"(285, 290)"
ALACM,30,"(12, 17)"
SNTYA,30,"(37, 42)"
SGSFT,30,"(68, 73)"
VSTGT,30,"(132, 137)"
STGTA,30,"(133, 138)"
PIVTP,30,"(181, 186)"
ASSKI,30,"(275, 280)"
QASAA,29,"(19, 24)"
SLSVF,29,"(32, 37)"
AAFSR,29,"(212, 217)"
GSTFL,29,"(303, 308)"
FLGTL,29,"(306, 311)"
LISRA,29,"(310, 315)"
LTTGA,28,"(96, 101)"
LTTGA,28,"(271, 276)"
SVGAA,28,"(115, 120)"
PETWA,28,"(385, 390)"
AGGFI,27,"(63, 68)"
AGAVS,27,"(129, 134)"
GAYTQ,27,"(166, 171)"
SVGAN,27,"(317, 322)"
EPTSA,27,"(376, 381)"
VGTSM,27,"(398, 403)"
FISGS,26,"(66, 71)"
AGGAL,26,"(92, 97)"
GASSS,26,"(99, 104)"
ASAGA,26,"(127, 132)"
GASSK,26,"(274, 279)"
GAGLS,26,"(326, 331)"
AYHID,26,"(369, 374)"
IQSLS,25,"(30, 35)"
GGALT,25,"(93, 98)"
TIGGN,25,"(139, 144)"
PVDAA,25,"(186, 191)"
AQAAF,25,"(210, 215)"
TTITL,25,"(249, 254)"
SNSII,25,"(287, 292)"
ANAEA,25,"(320, 325)"
GLGLV,25,"(394, 399)"
IVMIN,24,"(279, 284)"
VFSNT,23,"(35, 40)"
LMTGD,23,"(53, 58)"
GSFTA,23,"(69, 74)"
GASRV,23,"(82, 87)"
TAGGA,23,"(91, 96)"
SVGGN,23,"(103, 108)"
NIASA,23,"(125, 130)"
RMVTT,23,"(216, 221)"
FLDAT,23,"(222, 227)"
AGGYS,23,"(294, 299)"
AGLSC,23,"(327, 332)"
LSTGD,23,"(341, 346)"
GCTGV,23,"(353, 358)"
SEPTS,23,"(375, 380)"
LTALA,22,"(10, 15)"
TALAC,22,"(11, 16)"
SVFSN,22,"(34, 39)"
GNITA,22,"(88, 93)"
ASVGA,22,"(114, 119)"
LTDTV,22,"(196, 201)"
AFNQL,22,"(201, 206)"
QLQLL,22,"(204, 209)"
GAGST,22,"(301, 306)"
AKMAL,21,"(3, 8)"
SAGAV,21,"(128, 133)"
SVGGS,21,"(157, 162)"
SVPAH,21,"(175, 180)"
LDATI,21,"(223, 228)"
TTAST,21,"(245, 250)"
IADIL,21,"(267, 272)"
AMLML,21,"(389, 394)"
LPLLT,20,"(7, 12)"
FSNTY,20,"(36, 41)"
GTSGA,20,"(59, 64)"
TAVGA,20,"(72, 77)"
GGNIT,20,"(87, 92)"
GGNIT,20,"(105, 110)"
GGSVS,20,"(159, 164)"
TTFLD,20,"(220, 225)"
GVYSA,20,"(236, 241)"
SIIWN,20,"(289, 294)"
SALGA,20,"(298, 303)"
RANIS,20,"(313, 318)"
PTSA~,20,"(377, 382)"
WAMLM,20,"(388, 393)"
RAAVA,20,"(407, 412)"
MINAK,19,"(0, 5)"
TTGAN,19,"(42, 47)"
GNITS,19,"(106, 111)"
IIGGN,19,"(121, 126)"
GAVST,19,"(130, 135)"
AHQPI,19,"(178, 183)"
LIASL,19,"(192, 197)"
QLLAA,19,"(206, 211)"
LAAQA,19,"(208, 213)"
QAAFS,19,"(211, 216)"
VYSAD,19,"(237, 242)"
SADSL,19,"(239, 244)"
TLDGQ,19,"(252, 257)"
GYSAL,19,"(296, 301)"
TLISR,19,"(309, 314)"
ANISV,19,"(314, 319)"
LFSAL,19,"(334, 339)"
GAGFE,19,"(358, 363)"
AGFEV,19,"(359, 364)"
KMALP,18,"(4, 9)"
ACMPS,18,"(14, 19)"
TLLGQ,18,"(24, 29)"
SVYGS,18,"(48, 53)"
VGAAT,18,"(74, 79)"
RVGGN,18,"(85, 90)"
SGGAA,18,"(110, 115)"
SGGAA,18,"(146, 151)"
GGNIA,18,"(123, 128)"
ASIGV,18,"(150, 155)"
GVGGS,18,"(153, 158)"
SAVGA,18,"(163, 168)"
YTQGA,18,"(168, 173)"
GSSVP,18,"(173, 178)"
LQLLA,18,"(205, 210)"
LLAAQ,18,"(207, 212)"
KIDQF,18,"(258, 263)"
VFNIA,18,"(264, 269)"
MINGA,18,"(281, 286)"
GANSN,18,"(284, 289)"
IIWNA,18,"(290, 295)"
FSALS,18,"(335, 340)"
SALSY,18,"(336, 341)"
GVAYH,18,"(367, 372)"
HIDSS,18,"(371, 376)"
GTSMR,18,"(399, 404)"
NAKMA,17,"(2, 7)"
MPSQA,17,"(16, 21)"
LLGQN,17,"(25, 30)"
NIQSL,17,"(29, 34)"
NSSVY,17,"(46, 51)"
TTGAS,17,"(97, 102)"
TTGAS,17,"(272, 277)"
GAASV,17,"(112, 117)"
GAASI,17,"(148, 153)"
GAGSS,17,"(171, 176)"
DAAVL,17,"(188, 193)"
TTLFS,17,"(231, 236)"
NIADI,17,"(266, 271)"
TFLGT,17,"(305, 310)"
GANAE,17,"(319, 324)"
GLFSA,17,"(333, 338)"
KIGGE,17,"(348, 353)"
SA~VP,17,"(379, 384)"
A~VPE,17,"(380, 385)"
EPETW,17,"(384, 389)"
GLVGT,17,"(396, 401)"
GANSS,16,"(44, 49)"
TGASS,16,"(98, 103)"
TGASS,16,"(273, 278)"
GTAST,16,"(135, 140)"
VLIAS,16,"(191, 196)"
YSADS,16,"(238, 243)"
SSKIV,16,"(276, 281)"
CGGLF,16,"(331, 336)"
SYLST,16,"(339, 344)"
TGDGA,16,"(343, 348)"
EVNSD,16,"(362, 367)"
RKSRA,16,"(404, 409)"
SQASA,15,"(18, 23)"
TGANS,15,"(43, 48)"
TSGGA,15,"(109, 114)"
GAAGI,15,"(117, 122)"
TFLDA,15,"(221, 226)"
LFSGV,15,"(233, 238)"
KIVMI,15,"(278, 283)"
GTLIS,15,"(308, 313)"
NAEAL,15,"(321, 326)"
EALGA,15,"(323, 328)"
SDGVA,15,"(365, 370)"
IDSSE,15,"(372, 377)"
GAGGF,14,"(62, 67)"
VGAYT,14,"(165, 170)"
FNQLQ,14,"(202, 207)"
SRMVT,14,"(215, 220)"
DSLAT,14,"(241, 246)"
LSYLS,14,"(338, 343)"
DSSEP,14,"(373, 378)"
NTYAT,13,"(38, 43)"
GGFIS,13,"(64, 69)"
GGAAS,13,"(111, 116)"
GGAAS,13,"(147, 152)"
ITADT,13,"(227, 232)"
WVFNI,13,"(263, 268)"
NAGGY,13,"(293, 298)"
VGANA,13,"(318, 323)"
TGVGA,13,"(355, 360)"
SSEPT,13,"(374, 379)"
SRAAV,13,"(406, 411)"
GQNIQ,12,"(27, 32)"
GSLMT,12,"(51, 56)"
GGGAS,12,"(80, 85)"
PAHQP,12,"(177, 182)"
VAFNQ,12,"(200, 205)"
GGLFS,12,"(332, 337)"
GEGCT,12,"(351, 356)"
TSA~V,12,"(378, 383)"
~VPEP,12,"(381, 386)"
TWAML,12,"(387, 392)"
MALPL,11,"(5, 10)"
LACMP,11,"(13, 18)"
GGASR,11,"(81, 86)"
INGAN,11,"(282, 287)"
GFEVN,11,"(360, 365)"
VAYHI,11,"(368, 373)"
YHIDS,11,"(370, 375)"
KSRAA,11,"(405, 410)"
PSQAS,10,"(17, 22)"
IGGGA,10,"(79, 84)"
SSVPA,10,"(174, 179)"
TPPVD,10,"(184, 189)"
VDAAV,10,"(187, 192)"
QNKID,10,"(256, 261)"
NSIIW,10,"(288, 293)"
GGYSA,10,"(295, 300)"
SRANI,10,"(312, 317)"
GDGAK,10,"(344, 349)"
GGNVQ,9,"(141, 146)"
VGGSV,9,"(154, 159)"
VGGSV,9,"(158, 163)"
GSVSA,9,"(160, 165)"
QPIVT,9,"(180, 185)"
FWVFN,9,"(262, 267)"
NGANS,9,"(283, 288)"
ISRAN,9,"(311, 316)"
PEPET,9,"(383, 388)"
TSMRR,9,"(400, 405)"
LSVFS,8,"(33, 38)"
VYGSL,8,"(49, 54)"
GDVGT,8,"(56, 61)"
VGGNI,8,"(86, 91)"
VGGNI,8,"(104, 109)"
QSGGA,8,"(145, 150)"
HQPIV,8,"(179, 184)"
FSGVY,8,"(234, 239)"
SGVYS,8,"(235, 240)"
LDGQN,8,"(253, 258)"
IDQFW,8,"(259, 264)"
SKIVM,8,"(277, 282)"
LGAGS,8,"(300, 305)"
SCGGL,8,"(330, 335)"
VGAGF,8,"(357, 362)"
ISGSF,7,"(67, 72)"
IGGNI,7,"(122, 127)"
GNIAS,7,"(124, 129)"
IGGNV,7,"(140, 145)"
QGAGS,7,"(170, 175)"
DTVAF,7,"(198, 203)"
DGQNK,7,"(254, 259)"
LGAGL,7,"(325, 330)"
DGAKI,7,"(345, 350)"
DGVAY,7,"(366, 371)"
SMRRK,7,"(401, 406)"
LGQNI,6,"(26, 31)"
VPAHQ,6,"(176, 181)"
PPVDA,6,"(185, 190)"
NSNSI,6,"(286, 291)"
ISVGA,6,"(316, 321)"
ETWAM,6,"(386, 391)"
INAKM,5,"(1, 6)"
QSLSV,5,"(31, 36)"
MTGDV,5,"(54, 59)"
QFWVF,5,"(261, 266)"
FNIAD,5,"(265, 270)"
GGEGC,5,"(350, 355)"
NSDGV,5,"(364, 369)"
LGLGL,5,"(393, 398)"
RRKSR,5,"(403, 408)"
GNVQS,4,"(142, 147)"
VTPPV,4,"(183, 188)"
NQLQL,4,"(203, 208)"
GQNKI,4,"(255, 260)"
FEVNS,4,"(361, 366)"
LMLGL,4,"(391, 396)"
CMPSQ,3,"(15, 20)"
FSRMV,3,"(214, 219)"
VPEPE,3,"(382, 387)"
QNIQS,2,"(28, 33)"
NKIDQ,1,"(257, 262)"
DQFWV,1,"(260, 265)"
MRRKS,1,"(402, 407)"
