hits,sequence_name,highlighted_sequence
9,>AOW76988.1 pre,[MATPG]M[APSKG]SKGAGGMSELKQRLWFVLGALIVFRLGSFVPIPGIDAAVLAQLFEQQKGTIVEMFNMFSGGALERAS[VLALG]IMPYISASIIMQLLTVVHPAMAELKKEGEAGRRKISQYTRYGTLVLATVQSIAIARSLPGMMPGLVMDAGFGFYFAAVV[SLVTG]TMFLMWLGEQITERGIGNGISILIFAGIVAGMPSAVAQTAEMARQGELHLLVLLLMCVIVF[AVTFF]VVFVERGQRRIVVNYAKRQQGRKVFAAQSTHLPLKVNMAGVIPPIFASSIILFPGTL[ASWFG]QGEGAVADFLQEVSI[AISPG]QPLYVMLLAAAIIFFCFFYTALVFNPRETADNLKKSG[AFIPG]IRPGEQTSKYIDKVMTRLTLAGALYITFICLVPQFMIIAWDVQFYFGGTSLLIIVVVIMDFMAQVQTHMMSHQYDNVLKK[ANLKG]
0,>AOW79144.1 RNA,MATKQVRYEALVKALHGDLFRYAYWLCHDKHVAEDLVQETFLRAWRALDSLKDEKAAKSWLITILRRENARRFERKRFDMSEYEEATITDTKSTSSEQEIENYWLREKIAQMPEEYREPLVLQIIGGFSGEEIAKQLDLNKNTVMTRLFRARNQLKEALDNTPKVRGQYNG
15,>AOW76819.1 mol,MAAKDVLFGNDARAKMLRGVNVLADAV[KVTLG]PKGRNVVLDKSFGGPIITKDGVTVAKEIELEDKFENMGAQMVKEVASKANDEAGDGTTTATVLAQAIVNEGLKSIAAGMNPMDLKRGIDQAVIAAVEALKGLSQECSDNKAIEQVGTISANS[DETVG]KIIATAMEK[VGTEG]VITVEEGQALTDELDVVEGMQFDRGYLSPYFINNQESGTVELESPFILLVDKKVGSIRELLSTLEGVAKSGKPLLIIAEDVEGEALATLVVNNMRGIVKVAAVK[APGFG]DRRKAMLQDI[ATLTG]GTVISEEIGMELEKATLEDLGQAKRVVITKDNTTIIDGIGNE[ADIQG]RVMQIRGQIEDSSSDYDKEKLQERL[AKLAG]GVA[VIKIG]AATEIEMKEKKARVEDALHATRA[AVEEG][VVAGG]GVALVRAADLIKDLEGANE[DQTHG]INVAIRAMEAPLRQIVANCGDEASVVLNEVRNGKGNFGYNAG[NSTYG]DMLEMGILDPTKVTRSALQFA[ASVAG]LMLTTEAMITDAPVKD[AGAGG]MPDMGGMGGMGGMM
13,>AOW76785.1 UDP,MDAF[KITGG]TALKGEVTISGAKNAALPILMSALLSKTPITFSNVPKLNDIETTIKLLSQLGAK[AHWSG]DNELVIDASTIDHCRASYELVKTMRAS[ILVLG]PLLARFGHAEVSLPGGCAIGARPVNLHIHGLKLMGADIDVENGYII[ARNNG]RLKGATIFMDT[VSVTG]TENLMMAA[ALADG]ITTIENAAREPEIVDLAKCLNAMG[AKVSG]AGTDTLSIEGV[AELSG]TQYRVMPD[RIETG]TFLVAA[AVTQG]KVKCVNTDPKALEAVISKLQEAGA[EITTG]DDWIELTMNQRPKAVNIRTAPHPAFPTDMQAQFVTMNVIAKGM[ATTTE]TIFENRFMHVPELQRMGADISLEGNT[AISCG]VESLNGAQVMATDLRASASLVIAGLVATSETQVDRIYHIDRGYQNIEDKLQALGANITRIKTS
14,>AOW76219.1 mol,MGKII[GIDLG]TTNSCV[AVLDG]GKARVIENAEGDRTTPSIIAYTEDGETLVGQPAKRQSVTNPKNTLYAIKRLIGRRFEDEEVQRDIKIMPFGIVKADNGDAWVTTRDKNVAPPQVSAEVLKKMKKTAEDFLGE[AVTEA]VITVPAYFNDSQRQATKDAGRIAGLEVKRIINEPTAA[ALAYG]MDKQEGDKVIAVYDLGGGTFDISIIEIDEVEGEHTFEV[LATNG]DTHLGGEDFDNRLINYLVAEFKKDQGMDLTTDPLAMQRLKEAAEKAKCELSSAQQTDVNLPYIT[ADGSG]PKHMNIKVTRAKLESLVEDMVKATLIPLAQALKDADLSVSDINDVILVGGQSRMPMVQKAVTEFFGKEPRKDVNPDE[AVAAG]A[AIQAG]VLSGDVTDVLLLDVT[PLSLG][IETMG]GVMTKVIDKNTTIPTKQSQTFSTADDNQA[AVTVH]VVQGERKQASA[NKSLG]QFNLEGID[AAPRG]TPQIEVTFDIDADGILHVTAKDKNTGKEQKITI[KASSG]LSDEEVEQMVRDAEANADEDAKFEELVKARNQADGLVHTTRKQIVEAGDDLPSEDKEKIETALTELETEIKGDDKEAIEAKSQAVIEASAKLMEIAQAKAGAQEGAPESDGAAPADDDVVDAEFEEVKEDK
16,>AOW76125.1 mol,MSKII[GIDLG]TTNSCV[AVMEG]GVAKIIENAEGSRTTPSIVAYANEETLAGQPAKRQAVTNSKNTLFAIKRLIGRKFDDKEVQKDIKLAPYKIVKADNGDAWVEVNGKKLSPQEVSAQILRKLKKDA[EAYLG]ETVTEAVITVPAYFNDSQRQATKDAGKIAGLNVKRIINEPTAA[ALAYG]VDKNNKADQKVVVYDLGGGTFDISIIEISNVDGEKQFEV[LATNG]DTFLGGEDFDLRLINYLADEFKKESGIDIHQDPLALQRIKEAAEKAKIELSSALQTDVNLPYVT[ADASG]PKHLNVQITRAKLESLVDDLVKKTIAPCDQALKDA[GLSKG]DIDEIILVGGQSRMPKVQEAVKTFFGKEPRKDVNPDE[AVAIG]A[AIQAG]VL[SGTVG]DVLLLDVT[PLSLG][IETLG]GVMTKLIDKNTTIPTRASETFSTAEDNQA[AVTVH]VLQGQREMATD[NKSLG]QFNLTDINPGPRGSVQVEVTFDIDADGILNVSAKDKATGKEQSIKI[TASSG]LTEDEVNRMVDDAQKHATEDKQKRELVEQRNQADQLIHTVQTSMTSLSEDQQAELKTLIEQLKMAVNGNDKAAIEMRQKALQEAHSKIMQASQSQAEQPQGDAANDSAKNEDVIDADFE[EVSNG]
3,>AOW75521.1 RNA,MQTNLLSTVTNVKSSNMTEKINHPQLCQWLNDVASTRDKKAFTDLFHFFAPKIQRIARGKFPNEAQASEVVQETMSNIWRKAHLFDKDKG[AATTW]VYTVMRNVTFDMLRKIKGNKEDNLSDDIWPLAESQVSEDESFDDHLENKELLSVIEKLPEAQQQVVKGFYFMEMSQEQLANHL[NLPLG]TIKSRLRLALAKL[KVQLG]ENHD
5,>AOW79211.1 che,MSRCLPEFSHVNHYWDNQKKSVVAKILPGEFYMTRDNVNI[ATTLG]SCIAACIWDKQ[AKIGG]MNHFMLPLTDKKVHEVNWGHRGITSD[ATRYG]NFAMEHLINAILKNGGRRSNLA[AKIFG]GGKVLKQMSDIGQRNIEFAIQYLQMENIEIE[STDLG]NMYPRKVIFEPASGRAFVKKLDNLHNDTIAKRERDYSYSIDHFKVDGDVELF
12,>AOW79210.1 NAD,MTTYKAINLI[ARPSG]GPIGPDLFDVVEKNIPEVAKNQFLVKQSHMSLDPAMFGWMSADTESYIP[PVALG]DVMRSSGIGEIVESNHANFNVGDRVMGMMGWQEY[YLSDG]TGLNKVTAPLPDEAILSVFALPGL[TATQG][LYSIG]KPQKGETLVVSGA[AGSVG]SIVGQL[AKADG]LTVIGVVGSDEKADWVVNELGFDGAINYKTDDI[ATTLA]QLTPKGIDVYF[ENTGG]PIQHHVIARMNAHGRIVVCGMIADYPKAEPDLAPSWIPIIKKRLTIQGFTMPDHFGEVPALLEKLTP[YVMQG]KIKYRAHILDGFD[EAMTG]LNLFFTGENKGKLIVKL
3,>AOW79209.1 hyp,MLEIYAGDSAMKTIKENGISPDLFSSFL[AASGG]PKWFTLYGLDKYLFSEFFKNREQALNLIGSSVGAFRNACFAQKDPLAAIERLAKNYHETTYTAKAKPAEVSEKALEMMDAIFGESGEQEIVDNLHFKAHIIV[AKCNG]FVAYENKFIQGLGLAKSYVNNRISRPRLNSQYERYIFQSSHSNLELSDPDNIPTSRL[PFSTG]NIRNALLASGSIPLVMRGISDIENSPKGMYRDGGIVDYHFDFEIKNPGLTLYPHFSSSLKAGWFDKSLTRKVRLKNYDNTVLICPSAKFIDALPHHKIPDRNDFVTMNRKQRMWYWQKVMNDSEKLAESFDQIYKNQQLNQIKSINQLLA
6,>AOW79208.1 pol,MPALIALIGILVLQGCAKHSSVDIDKSALRFYGTPADNGDDFIHEQAPKTLFSDGLNCSQFQDMGAALNYRTDKPLNLHSSNMKASAENDPILAQGL[LLSPG]DLVEVLIEDGEGFNGRYIVDNAGYVKLPIIG[VVSAG]GATTNKLETKIELALIRAEIFQPASASVTIHVLNWSSIEVSVAGAVFNPGTVLINRKSKGVQNSEHLDAYGDYSTTRLLSEAIRTASGIRPDAKLDQIILIRKGWQVQIDMTGMLTGELVKDYPLVAGDRVI[VPSTG]CFQAHLVRPSQITPKGFRVFMSNLIDSAGD[NASAG]IGKFATSLPYGTRLLQAAVS[ANCVG]GKDWTNAPRRVVLASKNPITGETQVIERSVEALMTTPNQDNINPYLMPNDAVACYDSNITNFRDIAKTVVDILLPIKLL
12,>AOW79207.1 pro,MSASSDKKIIAPIAKKIPHKMEKHNHQRIDNYYWMRDDLRSDEKVLAHLNDENNYADAMLAKQKPLQALLFNELKDRIVKDDNTVPAKDGKYWYHSEINGEQEFSNYYRATSFTGANKTLLLDVNQRAQDHEFYDLGDLSISQNDQIMSISEDTDSRRIYTINFKDLTKNSDGPDAYLADIL[VETEG]QVVWSNDNKTLFYVKKDLETLLGTQVY[RHTLG]TPQADDVLVYQEDDHRFYISLDKSRDDSQLYICLHATESTHYLVLSADEPNGQFTELLPYQEQHEYH[ADKMG]EFFYIVTNYQAKNFRLMKATAAQIDDINNWQEVIPHRENVLVEGIELFHRFIVITERENGQIRFIV[HTTQG]ENAGHHYPLSFDDPCYFACLDENPEPNSTIARLYYSSLTTPDSLFEF[DLATG]ERKLLKQQQVLGDFNQDDYQAERLFINARDGVAVPVSIVYRRNSFKKDGTNPLLQYGYGAYGLTIDPDFSSQTLSLLDRGFVYVI[AHVRG]SEMLGRQWYETGKKALKQNTFNDFIDVTKALV[AQGYG]AKDKI[FASGG]SAGGLLMGAVVNQAPEL[YLGIG]AHVPFLDVLTTMLDESIPLTTNEYDEWGDPNEAQAYQDILSYSPMDNITAQHYPNI[LVTTG]LHDSQVQYFEPMKWVAKMRELKTDDNLLLFKTDMD[AGHGG]ASGRFKSLKEKALEMSFFISLLNE
10,>AOW79206.1 ATP,MAAFISLLRQQHCVEVFQLRDYQQEAVSAVLKHFRKTNESAVI[VLPTG]SGKSLVIAELARLAKRKILVLTHVKELVEQNHQK[YESYG]VTAGIYSAGLKLKETQHQVTFASIQSAARNLDDFSEPYSLIIIDECHRVNLASTELAKDKAKDKSKGESKEQIQEKASKLSNSNQYQQIIEKLMQVNPDVKLLGLTATPYRLGMGWIYKKHYRGFMRSEEKRPFEHCIYELPLRYLIKRQYLTEPNLVDATIEHYDFSSLR[ANASG]EYSPTDINHLLNKNP[RVTQG]IIEQ[VIELG]YKRQGIMIFAATVEHAKEVFSYLPAQLS[ALITG]ATDNTERDKLIKAFKRKEIKYLVNVS[VLTTG]FDAPHVDMIAILRPTQSVSLYQQIIGRGLRLSDNKKDCLVIDYTGNDFDLYHPEVGEKKPNSKSQPVQVICPSCEFPNLFWGICDDDGYLVEHYGRRCQGLIEEQGSDNQCDYRFVFKECPHCGGENDIAARNCLQCHEVLVDPDDMLKKALQLKDSKIIRCAGLNLTKISDKGADKLKITYHDEEGVELNEFFDFTKPNQVKAFNDIFSKRLSAKI[SVQLG]STGSFEVTTLEQALKLANILPCPDFVIGRKQKFYWRVKNRLFDYQGKYRKANELK
7,>AOW79205.1 ade,MMFRDIPFIDLHRHLDGNIRAKT[ILALG]QQHGIELPADNLTDLLQHVQIQGKESNLVSFLQKLDYGVSVLANLEACKRIAYENVED[AFLQG]LDYAELRFSPYYMAMEHKLNVTDVVA[AVVDG]VKLAQKDFPVQINLIGIL[SRTFG]VNACFEELHALLAHKNELVAVDLAGDELGKPGQLFVEHFALVNKAGLQVTIHAGEADGASSIYQAINELH[ATRIG]HGTHAVGDEKLMDYMYQHNIAIESCLTSNYQTGTVKNISQHPVKTFLDRGLLVCLNSDDPAVQGCDIKYEYQQA[ALEAG]LSQAQCRTLQDNALKMAFLSDHEKRVLRQT[AMKRG]
15,>AOW79204.1 alk,METRSASSDHRLVWADLTLTAKDKQAKNIIMVIGDGMGP[AYTTG]YRYYMDNINTPRVETTIFD[ELLTG]MASTYPVNSQGYVTDSAAAAT[ALSTG]YKTYNGAIGVDVNKKPLLTLMER[AKQLG]KKTGLVVTSQINHATPAAYFSHNESRKNYNEIADSYFDEKINGHFKA[DLMLG]GGSKYFIRPDRNLVSEFKQADFQYIDDLSKLTSLNKQQPVLGLFAEVGLPWTLDNKNENHLLA[MAKTG]VRHLENNQGYILLVEASQIDWAGHSNDIAAAMAEMQDL[AETLT]WLKNYVENRDDTLLVATA[DHSTG][GLTLG]ANGDYRWQPEFLKNLSVSPKSIATKLAHQNTAISAQQLTDALGFIITDQEANLFIERSDEKSIYEQIKLLIDA[RTNTG]WTS[GGHTG]IDVQ[VFATG]NGAKAFNRHQTNTDIAKQLFLVLEGN
0,>AOW79203.1 hyp,MSAWQRNALSDIIKVSFTDIDAEDYLLKYFDSSEPNQRKLRLYVNNEQIIGYCLLTFTDSANYTVIKASAAFLPQYRKGSNTFLFSIKESFKSWLQRPWRKHYYADTMLSPAMYRAIAKNTAIVWPHFGQSAPKELFTRFNPNGKNCNENQLRCLVSVNRSSNYSQQELEMLRCSDKAEIQYYCQLNPDFDQGIALFVIIPINLQQFAQTAIKYLMK
11,>AOW79202.1 hyp,MFALLAFAANSVLC[RLALG]DNAIDASSFTIIRLLSGIIILILVLQLTRKSNETKPKSKGSWLAAGMLFIYAI[AFSFG]YI[SLDTG]TGALILFGAVQITMIMASVISGNKLHFTEWVGLIIAFSGFVYLIVPSLVTPSFKGFILMAVSGIAWGL[YTLAG]RTSKNPLSDTAYNFMRTSPFILILIIFGLNDAHITPMGILL[AVLSG]GI[ASGIG]YFVWYIALRGLSVTQAAVVQLFVPVI[AAAGG]IVFANELITLRLVESS[ALVLG]GIL[TVILG]RYYFVQLAAKKPPIT
2,>AOW79201.1 hyp,MSFCFYFAWSFWANGLVSEDQSLVLRS[AVVQG]TLSGTITILFTFILEKSVSKFGQSYLSLIFVVPIICTVFSKTKQNIAIFRTFRNALDRSAKYLSNNAIPGTLLAPLLPIAIQS[SIAIG]VNLINHTPNLWLTVTPSIVITAIYGYVYTFTLLSKPAEPA
2,>AOW79200.1 rib,MQLDYIAEMLAESSQANVTFIAEKS[DVSLG]FIHVRTHKDSISGEMCGTIPLLAVSRESQGLGVGKVLIEFAEKWSKDLGCRLLHLEVFANNTKANDF[YQTLG]FKPETVQMIKAI
18,>AOW79198.1 ATP,MTTSSESQRSQVINIDKLFSRLGLCFKSDQIRLKKRLMSSKKITDSDKKQKSLSQISAHIDESIEKKQRKIQNVPKITYPEDLPVSQNSDVIAKAITENQVIII[AGETG]SGKTTQIPKI[CLALG]RGIDGMIGHTQPRRIAARTVATRIADEL[STTLG]DAVGYKVRFNDLVSENSYIK[LMTDG]ILLAEMQHDRLLRKYDTIIIDEAHERSLNIDFLLGYLREILPKRPDLKIIITSATIDPERFSQHF[ASADG]KPAPIIEVSGRTFPVEILYRPLNGDNNDETEEVSSSDIISGILQAVDELG[HISQG]DILIFLNGEREIRDAALALERANLRHTQVLPLYSRLTVQEQNRIFKPHSGRNIVLATNVAETSLTVPGIKYVIDPGTARISRYSYRTKVQRLPIEAISQASANQR[AGRCG][RVSAG]VCLRLYSEEDFLGRPEFTDPEILRTNLATVILQML[ALDLG]EISDFPFVQPPDSRNINDGVSLLEELAAIEKQQNKVVLTKAGRMLAKFPTDPRLSKMILS[AIDLG]CIEQIFIIVSAVSIQDPRERPHEKQQAADEKHNRFKDKESDFISLLNLWHYIQQQQKALTNNQFRNMCKKEFLAYMRIREWQDIFSQLKHTLRDLNIPMSGVEYTPPSLDANNSDVSKKTEPVESNNNNIIHQ[AILSG]LLSHLGQLDENREYKGARNSRFFIFPGSGVAKKSPKWIMATELVETSRLFARMVAKIDPQWIEPLAEHLIKRNYSEPHWEKKQGAVMAFEQVMLYGLTIVAKRKISFNHIEPHTCREIFIRE[ALVNG]DSTLNEKFYQQNHQLVASIEKLEQKARRKDFLVDEERLVEFYDEKLPETIICQRSFLSWWKKSKQKNAQLLNFTEAFLLNETAKVLSAKDYPDVWHQGNLTLPLSY[HFTPG]DIDDGISLHIPVGILNQIENRDFDWLIPALRLELII[ALIKG]LPKSSRRNFVPAPNYAEACLS[AISEG]DGKLVAAVEKHLLRMTGVRLPEDIWQDVELPIHLTMNFKVIDEKGVLINQSRKLEQLK[ASLQG]KVKASIKKVADKGIEREQITSWDFNNIPKGYEKNIANITIKAFPALVDKNKTVAIELFEQESLAEQ[AMVNG]VSRLILLNIPSPVKYLQQKLPNKAKLSLYFNPFGSIPDLLDDCILAACQHLVKEHGDIPRNQNDFEKAKDHVRAELADCVLVSALKVEKVLTLTHEIGKKLKGRMSLEVIQAQADIKEQLGLLVFKGFVTASGHQRLEDIARYLQAMLRRMEKLPVDPNQDRLKMLEVAKVNDVYLALLAKQSKGKPIAGDILAVRWMIEEFRVSIFAQNLKTAYPVSAKRILNHLKEISAD
2,>AOW79197.1 hyp,MDVSDAIDQDSHQWILDTFSWALTHFDVAEFKNNSQLVLPNNQFYQGSVTSVHEMALSIFKQTTTYAGMQQWPIILITPEQFFAGTQQITIPPFNMVDHCRGDNTPFAKLSEEDTAKLQQQPI[MLSYG]ENQVNQPQDLISSIVQNLANILIVQQASLPPGGKEFIPQAVDVI[ACFMG]FGIIFSNTAYQFRGGCGSCNNPNANRQSALPENETVHALALFCLLKAIRPNAVKPHLKSHLRKQFSLSYHALTNTIKNSPDPVLLSLL
11,>AOW79195.1 hyp,MSIDYLS[AFIIG]LLGSGHCIGMCGGITTMLTSAISPQQQGSDKLKLVG[AYNVG]RIFS[YSLIG]AIVGFSSSIAIKNI[GVPLG]FFRLFAAVF[LILLG]LYLGQWLMWLSKVEKIGKFLWRYLSPLSKKFIPINNAKQ[ALALG]AIWGWLPCGLVYSTLTWSLASGSALSGALI[MTSFG]LGTLPALL[SLSLG]SFGIKSLLTNMKFKKIMALM[IISYG]IYSLMFAYQQLF
5,>AOW79194.1 Nif,MHRNDLEQHLNALLKPEQIKDFCPNGLQVQGSDQIH[KIVTG]VTATQALIAKAIDEKADALVVHHGFFWKNES[YVIRG]MKYQRIKALLDHNISLFAYHLPLDIHPVLGNNAQLAQLFEINNVQPLEVGNPLSVAVRGEFSHHISGDELSTRISQQLARDCLHITPPSNKKIKTV[AWCSG]GGQNYIEL[AAEQG]ID[AFISG]EISEQTTHVATEMDIHFFAAGHHATERYGAKALAKHLEKELSIPTVFIDIDNPA
3,>AOW79193.1 hyd,MLITAIPAFTDNYFWAITSPEVNVTDNETLKPVALVDPGDAKPCIKYLEENNLQLCAILITHHH[ADHTG]GVAKLKSYCKDKNWPLTVYAPENEKITNVDVRVIAKQIIEIPALETSFEVIDLAGHTLDHIGYYTGD[AVFCG]DTLFSGGCGRIFEGSPKQMLSALTRLTDLPDRTRVYCAHEYTLANLRFALAVEPNNAELVHYYNQVVERRAKNIPTIPSSILLEKKINPFLRCQQQEIIDSAGDYSGKKSINTLATFTVIRQWKNEF
9,>AOW79192.1 lyt,MLMGCQATSMQNSDGAQATDIDQRMIASTAEINQAILADENIDIIHPVADVEFTLTDPEIVDDIYVSDDIWQRIRTKFTFEIPEDKRLTQQRNWFVKHPEYLDRVAKRAEPFIFYIVQELEKNDMPLEIALLPIVESAFDPF[AYSHG]RASGMWQF[VPGTG]KRFNMKQNWWYDGRRDVI[ASTQG]AIQYLKYLNKFFDGDWLLALA[AYNSG]EGRVKRAMKKNARKNLPTDFWSLDLPRETRAYVPKLLALADVIKRPEDFNIKLYEIENKSQIT[NIDIG]SQLDLAKAAKLADLSLAELQRLNPGFNRWATDPDGPHSLLIPNHKVANFVKKLAELPKEDRLAWQRYKIKNGDNLGEIAHKFNTDIKLIKQVNNIKGTQIRAGKHLLIPVATQSLDSYVFSQKQRTATTKNRQRSGEKTTHLVVAGDTLWDIGQTYKVSSRSI[AKWNG]MAPRD[VLKLG]QKLVIWQKTAAVEDNL[ASTTS]YQPPEQAIMRNITYKVRRGDSFARIANKFRVSISDIERWNSLNRKK[YLQPG]QMIKLSVDVTNNI
6,>AOW79191.1 hyp,MGMSDLFFGYSQQMQESRS[AQLRG]DFVVATTSVISVNRQHNNYALSQLEKARLQFLSHDWLASQKSFELAYQQVQDQEQAAKI[QISSG]LKKVSAVVTNDNAIGYEIPSYEQGMLHSYQALN[YLYQG]SLEGALVEVRRANLVQERALKTNQAELYKAEEEMAEKGINSNKLYDNFPSMDNLIGDLKNSFQNAYTFYLSGLLYETAKKFDDAYIDYKRALEIYPNNTFLQQDVLRLANKLDMNEDLARFEQRFGRYQGQN[KTNTG]QIVVIFEQGIVSAKEEASLNLPIFNTRSDFKFFTFALPVYRGRLPALIPLSISIDEKSYLSQEIVRLQSLASKDLKEKLPGLVTRQAIRLVAKEQIRQNLSKSGGDVGNILASLYNIASEKADTRSWSSLPDNVQIMRLD[NVAVG]QKKLTISYAGKKQVVDIDVAENRTTLIN[FTALG]NFTGHQTINL
6,>AOW79190.1 chr,MIQSEFQRFLQTLLSSPSKASVHKFANLVLMHLNE[LVPLG]THQGQRVKYLADLAQKEWANLSKDIPTNLEDVESDVASFTLLKELSVDSFRGFSREEVFDLKSLLVLIFGPNGTGKSSFCEALE[YALLG]SVAEAESKRFRDVEAYLKNAHTNKFVPPKLIGIDAEGSDVNIQSNDALYRFCFVEKNRIDSFSRIAAQAPAKQSELISTLFGLDAFNEFVKNFSPEIDGRYIDVEGVKAKKLSQKRLQLQGAEQQIKLNQGIVEQVKDEETPLASGYREGCTLLKMMFELNGSEGKQGQIPLLEAELQKPAPQKSNLTAANLALIQKTLVSSLNDHKEKSKELANSSQQVSFQQLFEAVTQVQQISSDKCPACLTPLTEVIINPFTHAGEELVKLQHLAELQVKIKQLEQTVLQKLQELHQILSTCLNFYSNNKLASFRLVDMSHLSVTWWNSLHINLDDGTTAFQHIETQVACLEKQDADSIQIDQNKNTQQVELKRLKGFLNDAQKLAARKSAAIKAIEDAQKLINEFDEANKTLIDEVELEKPIVTQNIEIRESYQKFVGLLNAYRKKLPALLVENLGDVVVQLYNAFNRNDAPTELMASIQLPLAQNQKLKISYQNEPEKYFDALH[VLSEG]HIRCVGLAILLAKNIKEDCPLLIFDDPVNAIDDDHRQSIRHTLFEDNYFDGKQIILTCHGEEFFKDIQNQLSVEQVKNSQRLAFLPRTNEQHIQVDYKCAPRNYIEGALEHIRKNELRFALGKSRQALE[SLTTG]KVWRYVSKHGDGNLSIKMRAANAPIELRQLTDQLKTKISKSDFTDPDKGNILSPI[EILLG]INGNSLEWR[YLNKG]THDEVNRAEFERNSVHTIVSAIETLDQAL
10,">AOW79189.1 5,1",MQTSLENVDFEWVNRGYNHIFKAN[RLSIG]LVIPIENYADCSVPTMEDHIERVQL[AERLG]FASIWLRDVPFD[VPTFG]DAGQIFDP[FVYLG]FL[AGTTK][NITLG]VSSIVLPTRHPAHVAKAAASAD[VLSKG][RLVLG]VASGDRPEEYPALNQSFDDRGFRFRESFSYIKQMWQDKPQFTNHYGNLNGSINMLPKPASKKLP[LIVTG]SSQQNMNWIAQNSNAWMTYPRKLEEQTHVINSFQQKVKEAGREIQPVMQPLYIDLVEDPDFPPT[PIHLG]FRIGTRHLINYLQSLENIGINHVALNLRFNQLNIPATLKRIADEILPNFAE
7,>AOW79188.1 hyp,MEKSGGAVKMLVVTAALFIVFAGIKTAANILVPFLLSVFIAIICNPLIARASRYKIPKVIAVLLVIALFVIVALSL[AGLVG]KSLTELSLKLPEYREQLRVQFIWITEQLADKNIIISSALLMEYFDP[AAAMG]LAADMLSGLGSVMANLFLIIITVIFMLFEASSLPKKLHFALADPEMRLKQIDRFLTSVNNYLAIKTLV[SIATG]IIVSIMLWAFGLDF[YLLWG]VLAFLLNYIPNIGSIIAAVPAMSLAVLQLSLPE[AGLIG]LGYITINMVMGNIVEPR[YLGKG]LGLSTLVIFLSLIFWGWLLGSVGMLLSVPLTMIIKIGLENAEEGRWFAVLLSGEDDINELEHVKR
9,>AOW79187.1 met,MSLSESSSTAKNKRKILVTCALPYANG[SIHLG]HLLEHIQTDIWVRFQRMRGHETYFVCADDAHGTPIMLK[AHELG]VTPEEMINGVREEHMSDFADFHISFDNYHSTHSPENEAFAHEIYNRLHAKGHIKTRVISQLYDPEKGMFLPDRFVKGTCPKCQA[ADQNG]DSCDECGATYSPTEVLNPRSVVSGATPVLKDSEHYFFDLPAFSEMLQDWTRSGALQDEMANKLAEWFESGLQQWDISRD[APYFG]FEIPNAPGKYFYVWLDAPIGYMGSFKNLCDKTGIDFDAFWALDSEAEL[YHFIG]KDIIYFHSLFWP[AMLEG]AGFRKPTAVHAHGFVTVNGAKMSKSKGTFIKGRTYLDHLNPEYLRYYYAAKLTHKIDDLDLNLEDFAQRVNSDLVGKVVNIASRCASFITKRFDGMLSENIDNPALAEEVMAAGDSIAAHYEARDFARGMREIMALADKVNEYIAVKEPWQLVKDETKQQEVQD[ICSLG]INMFRTLMIYLKPVLPVLADSTATFLNDELTWEGHKKLLTSHKINKFKALLQRVDMDKVNAMTDASKDNLLVKDDAEKPVKKAKKEKIVDNSAALNDPLGCDPISEEIQFDDFAKIDLRIVKIINAEHVEKADKLLRLTLALDSKEEGGKTRQVFAGIKSAYQPEDLIGKHTVMVANLAPRKMRFGMSEGMVL[AAGPG]GKDLWILNPDDGAQPGMRVK
11,>AOW79185.1 hyp,MKNSLKKLTLASV[AVSLA]IVSTATLAKVSSTEVAKLSKELTPIGAVRA[ANKDG]SIP[AWNGG]ITSVPA[GYTVG]DHHIDPFSTDKVKYTIT[AANVG]EYKA[MLTPG]QVKLFETYPDTYKMNVYQSRRSASYPEHVYQASIDNAGRTELVEGGNGIVNAAVGIPFPVPQDGLEAIWNHILRYRGESLTREGGQAAPTASGD[YTYLG]FDDQLMIPYGVKGASADKLKETNILFKFKQKVTEP[ARLAG]TALLVHETMNQIQTPRQAWTYNTGQRRVRRAPNVA[YDTPG][TASDG]LRTTDDFDMFNGAPNRYNWTLKGKQELLIPYNDYRLHSDSLKYADILMPGHINPEHVRYEKHRVWVVEANLKSDTRHTYKKRVFFIDEDSWQIAVTDIYDNRDELYRVGVAHGLNYYEVPTQWSTLEVFHDLQSRR[YIAMG]LDNEAKMYDFSAELDDISFTSSALRREGRR
4,>AOW79184.1 RNA,MIAYLADKFPKCFSVDGPAK[ALKIG]IFQDLSANLAEDGTVSKTRLRQALRHYTSSWRYLK[AVKLG]NFRVDIDGNDSAEIDQEQADYASKTLKESQDKFGNKNKHDKASKKPYKGSKLNKSDNPTEAKPSAHNLEAKQEKQAKFKSVKSTKSTHTKAEVKLVPVEDS[AVVVG]KSV[KVKLG]NSPMNAIITEVAGKDVSVQLNSGMVVKTQIKNIFTE
7,>AOW79183.1 thi,MASPCEVIIETSDPAL[AKQLG]EQVSTEVWRIEDKYSRYNSDSLCSQINQSQGKPIAIDGETFALLNFADTCY[QLSDG]IF[DITSG]VLRKVWCFDCSDNIPTSLAVKKAMDNVGWHKIKYDNRQVTLPINMEIDFGGIGKEYAVDRAIVLINLLTQQPV[LVNLG]GDLATNSSRKNGQPWQVGVEHPGFVDKKTIVVSLFKGA[LATSG]DAKRFLEKNGQRYSHIL[NAKTG]WPIEHAPRSMTVSAPQCIQAGILATL[AQMQG]KNAEQFLAEQDIKHWAIR
3,>AOW79182.1 thi,MLTTLALLSHAKANNLSESSAKMQLDTLI[AQHHG]DVIYVDFW[ASWCG]PCRKSFPWMNKMQNEHQAQGFTVISINLDTEQRLATEFLRENPANFAVIYDPNGELARFFKIQGMPSSLIINKLGEIK[YAHSG]FFTNKVSQYEQEIQQLLAL
5,>AOW79181.1 hyp,MYRFIIATA[LVLTG]VTYNAYADDIKVEFSGFASLALSYSDDPDIAFSPNYLNIDDTGWSATRDSILGGQANITLAKNWDSVVQFVLEDHANTDFENYLELAFLRYRPSRNW[AIRAG]RLNSDLYLFSEYPHVGYAYLWVRPPHEYYSF[ASTAG]NFDGVDIEYSQSINDGFLRLKLAAGNTTAKLKASGKDFFIDFDHLMTFSATYIFDAWTMRFSVSQADVGDYKFEALNEFIDLLNSVPAPVWPQAASLSASFDTKNHSIE[YAALG]LTYDNDNWLIQSEIGISESPWLVASSNING[YVSVG]YRLDKVTLFSSVSISKNRHKITKVTAPQFPPGTPIQVTFPLQQLALASKEAVDRLVVHQHSINVGAKWQASDNLIVKAQIDHFDIQPFGGGLWGISDPENVEKEHRINVFTISANMVF
2,>AOW79180.1 hyp,MKNPLLLMIGLALFNLD[AVSTE]FVVVVNKDNAINSLSKREVIDIYMGRYLTFPDGEMAQPLDLPSESPLKNDFYLQLVNKNEQKINAYWARLLFSGRAKPPISAISIEDALNKLYNS[PYSIG]YIPKDQLTDAVKVVYRFNEN
10,>AOW79179.1 iro,MTFSMRSFKRKFIYIFFVIGYLISTQTSAS[SDTEG]LRQLLQLTEYISVDYAS[AISNG]KIIDQGEYQEMLDFSNIIAERAVREPGEQAMITLSKSLLCAIQAKKTLVEIQALTSELKNVLLKNSPQLSLPTSLLSVSRVKQLFQNNC[ASCHG]VTGKGDGELARQLSPQPTNFNERTRALDRSILGLY[DVVTG]GLDGTAMPSFNHLTAKQRWSL[AFYTG]SLAFVFDEKRQENNALDLSLADLVQYSPNELYRAKTDLEKGFVEQLRANPEELFSATKAPLTIARDQLKKALAAYKNNDVKLAQQFAVS[AYLDG]FELIENNLDAYDSSLRKMIEFNLLGLRNEINNKEGSVDVAVSVSAVLLQIEQAEFLLNDSAISDTALFSASFIILLREGLEALLVVLVLFTILVRSNKKEAIK[YLHFG]WAA[ALIAG]GLTWLVAQKLVTISGASRETMEGVAALLAAIVLFYVGFWMHSKTQADQWQRYVQQNINKSLKSGALWGISGLAFIAVYREVFETVLFYQSLLTQTNPSQQFVLFSGFGAAAAMLVVVAWLMIKYSIKLPIARFFSITTYLLLALSFILAGKAITALQEAAIISITRFPIDFH[FAWLG]INSTWQGITTQAFILFFSSALFFKPWLKKTSRVDE
3,>AOW79178.1 Lys,MNKEHKKLERLMLFSEVARHLSFTVAAQNL[QISRG]HLSAQIRRLEKEMGFALLIRSTRSVRLTAEGE[SVLTG]VNKIRNSVLELERN[AGHKG]NAIEGVIKITAPSLFTKRFLLDIFSKFSALHPAIEFSIDTSYTRFDLNRSDFDLAFRATNSPPLNMVAKAILPYKHCCCASAEYLDKYSKPKEPSDLKTHQCLRGQEQLTWSFLNAEVPVDGWLKINDNHMLKTLALKGEGIIRVPDYLVDQEIKEGTLVAILESEMPAGQTIFMIYPQLIHQSNKLNAFIEFTKEYFNEIALIN
9,>AOW79177.1 C4-,MSAFPALAAT[VLTYG]EPGPNRGARAGATKWFAQEVEKRSGGDLKIDIMWGGALFKANAARQSIAAG[VVDMG]TIIPDYFPKEMVSFSLTNLPFENLDPWVGLKANFDLMQSPEVTSNLGKQNLSFVASYMLSNVIVLCKGDAVRTLDDIKGKKIRG[VGTFG]KIFGDLGANLVSMSIYKA[YQGLG]NGLL[DCSLG]YMSATIALKQHEASDSLTKLNW[GTYTG]LGIFINKDALSKLSPSQRKVINDVGADFVNYLGENIMKADKRAED[LLTQG]IDGHKLEIITLSSSGSAQLYAASQYHITKWEKE[ANKSG]LDGNTMVKNYKASLKKYSQERDLNGYPWAR
7,>AOW79176.1 hyp,MKKNDSINNVFPWLSPLCLVVIFFATLITEWTGYQPTALLAVFVLILFILVEWRNLDLSTKIIT[LVAIG]LTLSLLFLSQISLHQLGILSRSVVFFAFF[LIALG]LLKEAALSSNS[VNLTG]HVLLQQHPVRRYALLSFASHILGILMSVGAINLLGTMIQRSLHENKDTVDARINSARQRRMML[AVLRG]FCSIPLWAPTSITITLLVTTIPDLQWIDIIPYGLYLTLALLLFGIWLDHIQAPKHLRHLVPTISNNLSDLKVSYPIVIVVITL[ALISG]LLIFTTPLRPIAAVLVSAPMVSITWIFWQYYRSHNKLSAMRLTVKRFRTDIFFRLPLQRSEIVFFAG[SVLIG]RLLLAVLDLDWFAQQLAHLNISAALILIASSWLIYLAALLFISPMISVTLMAGALSQLPSVENMPVTIALVMMMTW[AVVAG]SSPSTTSVRISARITEISPFNMGVEWNGLYSIIVLLALDVFLIIFV
3,>AOW79175.1 exo,MKPNSSAPNTEQPTILWHD[YETFG]ISPKFDKPSQFAGIRTDHDLNIIGKPEMFYCRPPQDYLPQPEA[CLVTG]ITPQK[AQQEG]LSEVEFAERIHTLFTQPDTCVAGYNSIRFDDEFTRYLLYRNFYDPYAREWQNGNSRWDIIDMVRACYALRPEGINWPTVVRDGEQVVSFRLELLTKANDIAHEAAHDAMSDVYATIAMAKLIKEKQPKLYDFIFNLRNKKQVAELIDVYNMTPIVHTSSKISSEHGCTSWFAPFAYHPVNKNAIIAVDLALDPQPLFDLSSDEIKARLYTRHDELADDELPIPIKLIHLNKCPIVAPAKTLLPENAERLKIPRELCLANLAKLKQHLEVRDKLAEVFAAEDYSDQAKPDAEHSLYGGNFFSHGDKAQMDILRELSPEQLATHPFIFQDERLMPLLFLYRARNYPLTLSSAEQQKWQQRCQDKIQFGGKGLLSADEFMITLENLAHEHESDAGKMKVLKALYQYLQS
12,>AOW79174.1 hyp,MLNRLWISFFFIAFGSALYQWFFLDNLLIFEELVQALFSMSKVTV[NIAIG]LIGILSFWLGMMKI[AENAG]LMDKLARAISPLFTRLMPGVPKGHPAIASMTMNLS[ANFLG]LDNA[ATPLG]LKAMQDLQQLNPQKDTATNAQILFLVLNTSSVTLFPVAVFVYRAQQGAASPTDVFVPIILATFASTFAGLLAVATVQKIKLYNSIILLYLSAAI[ALVGG]LVVYFSMLTSQALAEQSSFLGNFLIFSTLIIFILAAVRKKVDVYDSFIEGAKEGFDTSIKLIPYLLAM[LVAIG]VFRASG[ALTLI]VDSFRELVMFLGFDTRFVDAMPTALMQPLSGSGARAMMIET[MKTHG]ADSFAGRLASIFQGSTETTFYVL[AVYFG]SVGIRYSRH[AIACG]LL[ADLAG]ITAAIAVCYWFFG
4,>AOW79173.1 pho,MGGDKGPLITIPAAILAVKNIPELHLILCGDVDIINAELSKRQCANHPQLTIFPTTQIVAMDDKPIVALRNKKNSSMRKSLDLVHENKAQA[CVSAG]NTGALFSMAHFVLKTLVGVERPALISSLPTHDENKHVF[MLDLG]ANVFCDSNVLYQFAVMGSVMAEQVDGIKSPRIALLNMGEEEMKGSDHIKQTAAKLAQNSDINYIGFVEGNDIFTNKADVIVCDGFVGNVALKTCEGVARLVYQKMNTVLSRNLFTRIVGRLLSSTLKKLFKPLNPDQYNG[ASLIG]LRGIVVKSHGDASSKAFYMAILEAIKEIERQVPEKIKDKLENGFACGRK
2,>AOW79172.1 glo,MKYVHSFFIVLVLQLCLGCSSKNLVPSDEL[YQDIG]GHQGIELLVDAFVKRIVKDKVILPYFAKSSVRHFKQGFINHLCGVVNGPCKYNGDSMI[DIHTG]MNINEADFNRVVELLIEAMEDVDISYQSQNKILVKLAVLRPEIIKM
10,>AOW79171.1 sod,MVKKLITTVLLLLFATP[AFAAG]AGEIDLTNTVAGFT[ALTIF]IIAYLLVISEEFLHLRKSKPVLVAAGVIWLIIGWIYTQHGIPKAAEEAFNHNLLEYAQLLLFLLVAMTYINAMEERGVFDSLRVW[MISKG]LSLRSLFWVTGMMAFVISSFANNLTTAMLMCAIVLKVAPKDLKFINIACINIVV[ASNAG]GVFSPFGDITTLMIWQAGLVKFEQFFVLFIPSLVNFLVPAIIMSFFISNERSTPITDEDFMLKRGAKRIIFLFILTIATSVATHSVVNMPPVLGMMMGLGYLKFLGFYLRRSLPRSLDKKRTLATIRHDEKALKRLGNIVPFDIFEKIARAEWDTLLFFYGVVMCVGGLGFMGYLSLVSDLLYTNWDPTYANIAVGVLSAIIDNIPVVFAVLSMNPVMDLQQWLLV[TMTAG]VGGS[LLSVG]SAAGVALM[GQTKG]KYSFVGHLKWSW[AIALG]YSASIYVHFLING
2,>AOW79170.1 Lys,MVCKTNPHLEASTLWGVIVSRLLNRTTRSFSLTAAGAEMVKKAAELRELLGETVRMAENYHLEPQGVLKITSSTLFGKRYLQPVINDFQMRFPQVEVELRLDDRVID[IVSEG]FDL[AFRIG]EPKDSSLIARKIARNRLLILATPSFIDNYGLPQTIEDLTQLPAASYASTSFKVEGVRFYDKNGEAKEQKLNSIFRANDAEVLLMKTLSGSAFFVAPAFVLANEVKDGRLVPLLTDVRLMEYGAIYAVYPHRDLPVRTRLFFDAVREYLGKEIPIWERAIPNFEQLYTR
5,>AOW79169.1 dig,MQNYSLDSFPCGALVTNSARIITYVNTYFTTELLWQP[AALIG]KSTDVIFTKSSKIFFQSYLIPTLLHEKTCEEMQLIIFNAQGGRIPVTV[NAHLG]DDGCIYWSFFNASKRDQLYNELLKTRETLEEQAEALKLLASTDELTELLNRREMKYRSVLVLEQAARSHQSVGLLMLDIDHFKKINDSFGHLEGDRVLKELGQKLKAFCRQTDLV[ARFGG]EEFLIMLPDTDKVNVLLFCERLHQLIANVKVDNKPL[TVSIG]ASICEDKISFTDFYAQADNAVYK[AKELG]RNRTEVYKVD
4,>AOW79168.1 hyp,MPTRFFLLYFFLASYTALAESNKKLVIYHDADYSLNQLSAN[AMKMG]LLTAFDEVNNEIQGFSLELKEKNHRGNIKRSLLSMKDFLKDEKALFILGGLHSPPYIKNRTFINENQIPLLVPWAAGGPITRYPSANNWVFRLSVDDTKAGIRISEFALNKLTCKNPHLLLEDTPWGKSNQSTMSSYLKDKVPFGVSLFGWNIKENSARIMIRNIISDDYDCVFLVGNFNETHQFVNAMAAMEKEQRIPIISH[WGATG]GDVDMIFNKQVKEAISFHFIQSCYSLASSKQSSFQRSVMARAKKLFPEEFSSPETVKAPAGFTH[AYDIG]RLAISALQQIELTGNMKQDRSLFKQALESLQQPVQGLIKEYNKPFSTWSEHQQDAHEALRLENFCMANFGESNQIDVIAN
6,>AOW79167.1 lar,MSMIKDFKKFAVKGNVVDMAA[GIVIG]VAFGKIIT[ALVSG]VIMPPI[GVLLG]GVNFSDLAIVIKEAVGEAPAV[VISYG]AFIQTIVDFTIIAFVIF[MVVIG]INKLKKKEEEAPKTPSPPSKEEMLLTEIRDLLKSKS
14,>AOW79166.1 3-m,MFTKILIANRGEIACRVIKT[ARKMG]ILTVAVYSDADADSLHVNMADE[AIYLG]PSPSRESYLLSEKVIEA[AKRTG]AQ[AIHPG]YGFLSENADFCRRCSDEN[IVFIG]PPVAAIEAMGSKSAAKNIMEKANVPLVPGYHGDDQSEAIIKKA[ADDMG]YPVLL[KATAG]GGGKGMRQVWSEAEFSEGFAAAKREAMSSFGDDRMLVEKYLTQPRHVEIQVFCDNHQHAVYLFERDCSVQRRHQKVIEEAPAFKMSEKLRKAMGESAIKS[AQAIG]YQGAGTVEFLLDVDGSFYFMEMNTRLQVEHPVTEMISGQDLVEWQLRVAAGEVLPKTQEQLVINGHSFEARIYAEDPNNDFLPATGTLDFLQPPAESAHV[RVDTG]VRQGDEVSVFYDPMIAKLIVWDENREKALQRLTKALSEYRIKGVTTNIDFLYNLATSKPFINEEIDTSFIEKYDSEIFHDNKQALADELPMAALYLVLSLAEQAKQK[AATTK]DPFSPWNNTSAWRSNEAHNHRVVLAHNDIEYPVTVEQKRQGNRSYYLISVAGRTVDCQGRIAGDTLHVSIDGYRSQATIAHNIDSSGDQISLYRQNGVFNFIHIKPDCGDNNADDNHGGLL[APMNG]TMVSVLVKAGDSVTKDQPLMIMEAMKMEHTIR[APEDG]TIDTLFYAEGDMVDGGSELLAFTPQES
8,>AOW79165.1 gam,MNTGQVLFNVDRYGVATVTLNNPDKHNAFDDKIIAQLTVIFIEIAQRDDIHLMI[LASTG]K[SFSAG]ADLAWMKRMASYSYEENLRDANALAQMLHALNFLPQTTI[AQIQG][AAFGG]AVGLASCCDIVIASNKASFCLS[EVKLG]LIPATISPYVVNAIGQKASRRYFQTAERFFADK[AQQLG]LVDEIVSLEALESTVIDMVST[VLSNG]PKAVRQAKQLALDVAYQEINLDLLSMTSERIASIRVSAEGQEGLTAFFEKRPASWQKE[PTSEG]
14,>AOW79164.1 sod,MNGYLWGSVLI[YLLTG]CGIWFTWRLKCLQITHFTHMFTLLKLSRKTDSQGISSFQALCTSL[AARVG]TGNLMGVAV[AITLG]GAGAVFWMWLIALVGMATAFAESALGQLYKEKDANGNFRGGPAY[YMSKG]LKSKKL[AVTFS]LCLFFGYGFVFSSVQAHSITSAF[DGSFG]IN[PLFTG]IVITIATAFIVFGGLKNIARFAEITVPFMGLAYLLVCLAVIFLNIEKIPAIISDIF[ASAFG]LKEAGSGLVGA[AIVQG]IKRGLYSNEAGMGSSPNAAAAAVPYPPH[PVSQG]YIQMLAVFFDTIVICSCTAFLILLFKETGSDAQGIQLTQQAL[AYQVG]AWGSDFITIAILLFGFTSIVANFAYAENNLKYLNMDNPLGHWFLRCGFLAMLIFGSVASLPQVIALA[DLSTG]LMTVVNVTALLLLSKVVVSITQDYHQQHNQGKLPSYKPSESEHNRF[NLTKG]IWQK
8,>AOW79163.1 pro,MNTPA[RYSIG]LLLAVVMTFFLLWGMQ[ALISG]GNNALTEAPRGNVLDFIRLKKEQQLTKKERKPQKPPAPKAPPPQMQQPQMQQANPN[ALSTA]SGFGADIQTDLSLAGGL[SLSGG]DGDYLPIVKVSPIYPRR[AQSRG]IEGYVIVEFIVTKNGSVRDAIVVE[AKPEG]IFDQAAMAAALKFKYKPRVVDGVAMEVAGVQNKISFQIEG
16,>AOW79162.1 Ton,MHSAKQIKVNKPNNCLRLSGLALAIITSLAATSAVAEQTSAEDEAIEEVVVKVSRLKGTASAIIEERRNQAFI[ADILG]AEQISRTGDSDAAAALRRVTGVTLVDGKFIYVRGLGERYSSTQLNGAAVPSPDPTRSVIPLDLFPASIIESLSVQKSYSPSMP[AHFGG]GNVDIRLKSIPTDFLFNISGNLGGNSENFDDGYSYNGGSDDWRGQDDGTRAAPKTLQKLWKNYSPLKNISQDENRAITAQLNRDYDPVKENI[APDFG]L[DIALG]DKFELGKYRWGYLTSLSYDNEWQVSELYEGQDFRNNTDDSWSLVRGFDQVTSTEHSVKWSG[LLNLG]VEYDRDHRLDYSFIVLRDTADEIKDKLGNTNNV[LLSDG]LRIRDSDVSYEEREMIANQVRGTHNLPWLWNIGFDWKYSDARSSRYAPGNVSTRYILSDENEDGTFDLSNESSLRKASTATRYSFQDLEDKVENSGFNLSLPITFSQSEVELKFGGDFIEKTRDAFSRRIDVNTLAFEELSLSGNKMNDILTDDIILNQPLQGSETVIRDTSVMGDDYYSAQMTDAYYFEADWFIDNTW[RISGG]FRWEDYRQVVAPLDPATGRFDLPPQPTEEDLSKLAFQEDDIYSALALTYMMSEAVQF[RLSYG]ETTIRPDIREVAPSTYLDPLTGYPI[RGTAG]IETTDIKNYDLRWEW[YLDTG]E[NLSVG]LFYKDMINPIESVQSPGQDGPPLIVIANADDGEVYGIELEFMKD[FAFLG]DF[AGMNG]NDFFLSGNVTLSDSEININTQRV[VEQTG]VSAAITNPTRRMTGHSQYVV[NLNLG]YDAPNGNHSVTMAYNVFGERIIIPGIEGQDDKYEQPFHSLDMVYTYYPTYSTTLKFKVQNLLDESKEIEFSDTLFR[SETKG]IAFDVSFKWDFD
5,>AOW79161.1 hyp,MPILRFISPLLFLVFITTSSPVHSESYVPKSNQSIVASWTVPKPAQQPKIFIAQLLND[ASKPG]LASRYYGRAGALLKPLLVANPDDLELQFYSATVLQHYHQFNQAQQLLTQILQYQPDNVAAWLMKANIHMVQGDLDAAKSACLQVLGQGSLFVSSACVLEVSAEQGKVAQSYQQLRNIVKLAGDIPIAQQVWLNQILADLAHRQQLTQQAIDHLSGYPLNQAPVSYLALWADIYL[AQQQG]KIV[LETLG]PIVEASDSFDDALLLRLTLAEQIT[KATNG]VWQQRLTQRIEIRLQRNDTAHAADIAQYYLDIVPNPIKALYWARINWQ[QAKLG]SDERLLKRALAFKESPDKKPQI
1,>AOW79160.1 Hol,MIGRLRGTLLEKLAPEVLIECGGIGYEVTMPMTSIYALPELNEQAIIYTHFVVREDAQLLYGFANKIERRLFRLVIKVNGVGPKLGLAILSSMSADQFVSCVAHDDLTSIVKIPGVGKKTAERLLIEMRDRLKDWQVTHTASPLASGTLPIELHHENTFVTNAKGDAINA[LVSLG]YSQQQAEKSIRNVFKAESTSEDLIRDALKSML
5,>AOW79159.1 hyd,MIKYISYFNNIKLTTNQLLFFTSCYIALILNLPFLIKSTTIITALDNYNLFFLVSLPIFLL[ALTII]IQGLFSFRWLTKPLLIATVICSALIFYG[TISYG]IVFDYGMVQNTIETDTAEAWSYINFHAIIFFIFFGLLPSFIIYSVQLIYKPFLKELLSRLKIISLSLISVFLIGVFFYSN[YAAVG]RNNKDLITYIIPYKMMVSSFKFVRNHYFYPPLEFKVLDTTPSIVRDSQKKRVTVMVLGETARAQSFSLNGYSKRTNPYTEKQGVVSFSKMSSCGTATAVSVPCMFSRLNKAGYDKRVAMAQQNVVDIIHLAGADVLWISNNNGSCKGVCTRVKTKQIDTNQSNPLCDGEYCYDEALLAPLKSKLNGLTHKNTMIILHMIGSHGPTYFKRYPKNKRIFTPDCQRSDIQNCTQEQLINSYDNTIAYTDLVLSKIINELNHVAEKNDIETSLLYISDH[GESLG]ENGLYLHGLPYAFAPEEQTHVPMIYWNDPMQNDFDLNCLKTSAKSPITHDNVFDTLLSIMSVRTKAYYIDNDPFLACKSQGAI[ARTTI]TQDKSMEIQD
5,>AOW79158.1 hyp,MINLTPDISTIISTVAKPKALVVF[AHGAG]ADKSHEFMEQVSLALNQKNINVLRFNFSYMDVRLAQGNRRPPDRMPKLLECFSTVIDGLESDLPLFIAGKSMGGRV[AATLA]GDKI[AKFLG]VMCLGYPFHPQKKPEKLRLAPLQETQMPILILQGTRDALGSQEEIAQYEFSERCHCI[FFTDG]DHNLKPRIKSGFTHAQHIQSAVNEMVKFIDEHKPDET
3,>AOW79157.1 imi,MMNV[IVDTG]CANLSSVKFAVERLGFQVTITDDITLIKNADKVILPGVGTAKHAMANIRAKGLVETLQNLTQPVLGFCLGMQLMCDSSVESSDGKKVDCLGIIHTDIIPLNAENNRLPHMGWNT[LTSVG]DHPVFK[GINIG]DYFYFVHSFAAPISEYTLATCQYGSSFSAVIAKDNFIGCQFHPERSSKLGSKIIKNFLELAL
5,>AOW79156.1 hyp,MYISYENSAINPKHSSLVLPKNLHYNFASIELLIEQEVGRIVLPQI[YQNIG]I[AITIT]PLPAKRAEL[LASIG]QSDGEIMRIWSYADENKEMIRVPTPYYSLQTMPFSLTSKQLNIVSKDDLKKYKL[AKIRG]VKHTD[NITNG]LSHVVEMNSTENMFKILQSGLVDVVLTNTIDGQLILKRLGYQNIIPAKKPLAVFPLYHYIHQKNKKLVPLINQEIMRLRQSGELKTLIALAEKQVISLNHQ
4,>AOW79155.1 pro,MINQGQQLLAAFSDSAKLDCKILLAFVLNKETSYLLTWPDKKLAEHEFYAFLALFERRLQGEPIAYITQEREFWSLPFYVSPATLIPRPDTELLVEHILARHLASDLS[CLDLG]TGTGAIALSLASEQKQWQVHGIDFSDAAISLAKKNAQRLQLPQVELYQSDWFSNVAADKKFNIIVSNPPYIDEADQHLIAGDVRFEPLSALV[ARDNG]FADIKRIAKDAQGYLTNNGALYFEHGFEQAAGVSDILKQLGYQSIETFKDYGGNDRVTCCIYVQQEE
4,>AOW79154.1 mac,MSNISQEKKVITPIISLRNIARLYKMGNQAFYALNNFDLDIQYNDF[IAITG]QSGSGKSTLMNILGCLD[YPTSG]EYKLKDRDVAKLDETTLAGIRNLEIGFIFQSFNLLPRSSALQNVMQPLIYRGMPIKERRIKAKLALTRVGLKDRIDHLPN[QLSGG]QRQRVAIARALVTEPAILLADEPTGNLDSATTMEIMALFDELYQDGQTLIIVTHEQEIADRCQRVI[RLTDG]CLVADSVNPNIEQHYKEQQLIKESANV
8,>AOW79153.1 alp,MTNQESL[FLSHG]DHQLHLRHIWQKKGGAPIFMLHG[AIENG]LIFYTKKGKGLACYLAEQGFDVYV[ADLRG]RGESTPRIDEHAVHGQFEAITEDIPRFINYIFQVTQQKIHLV[AHSWG]GVLL[ASTLA]RFPKIIERIRSKTCFGTKRMVTVKSLEKMFKVNIVWNNVAPKL[ARNRG]FLD[AKKHG]IGSDNETEQSLADSVAWVKKSAWH[DTTDG]FDYFQAAKSVDWPPTWHFTGSKDKVLGHASDVNIFIQEYNPKAKFTLLSKSSGNMQNYDHINILTHPNARIDHYPQLVKWLKSH
9,>AOW79152.1 hyp,MAGSSLLTLLDDIATVLDDVAILSKVAA[KKTAG]VLGDDLALNAEQVSGVKAERELPVVW[AVAKG]SLLNKLIIVPTALVISAFAPPLITLLLVIGGLFLCFEGFEKVFHKFFQHNDNSSQDQKEAHQKKLLALADENVDLVAFEEKKIKGAIRTDFILSAEIV[VIALG]TVQEAAFEVQV[AVVSG]LAL[AITFG]VYGLVAAIVKLDDLGLYLLRKSVSGRFNAIQR[ALGRG]LLIFAPALMKTLTVVGTIAMFLVGGGILVHSFSWLHKQVHHLVEFL[ANTFG]AIAEIIVP[ILTEG]IIGIIAGGLVLLVVTLVKSLKKAH
2,>AOW79151.1 30S,MKINISGHHV[EITEG]IQQSIEDKFKKVAKHYPSLTSISAIITVEPHQQKLEVSTHYEGNEISVTASGKELYAAIASAAKKMEAAL[AHRKG]VLAAKLHKKYEVEQSDAFLPVE
1,>AOW79150.1 hyp,MHKKKTKHQTRVATATLVLLTLFLSSCGFALRGDYLLSPQLQTLHLSS[ADKFG]ELTRQVKQHLTINKIKLLSQATENVPQLKLSKDSLNRRTLSVFPNGQVAEYELIYTVRYQLVLSQNDVRSFVFELNRDYQDDPNIALAKSRELELMLSEMRKEAANKILRDLSTIKI
9,>AOW79149.1 rod,MGHDQQKQRSFWQRIHIDL[PLLLG]ILA[LMTLG]LFV[VYSAG]GQETAIVYRQITRLGIALLVMFAVAQIPPLSYQKWAVPVFILGLLLLIAVLLFGHIGKGAQR[WLDLG]FMKFQPSEIMKLIVPIMIAWYVSQYDLPAKISTITIAFILVLLPTLLIAKQPDLGTSLL[IASSG]VFVIFLAGASWKLIIACIGLASAFAPILWMFLMKPYQKQRVLTFLDPEQDPLGSGYHIIQS[KIAIG]SGGLHGKGWLQGTQSQLEFLPERHTDFIFAVFSEEFGFVGVAVLLSVYLIIVMRGLWIAVHADHAFTKLLAGSITLTFFVYV[FVNIG]MVSGLLPVVGVPLP[LVSYG]GTSMVTLLAGFGMLMAISTHKRFIA
8,>AOW79148.1 D-a,MSLTFSSFSQ[ALTII]PSPPEVKAKGHILIDFNTGKVLAESNADALLAPASLTKMMTSYIIGKELASGNINNTDLVKVSEKAWAKNFPGSSLMFIEVGTEVSVELLNQGIIVASGNDACVAMAEHI[AGSEG]AFAQLMNGH[AAALG]MSSSYFENSHGLDSQEHKTTPRDMATLAMALIRDVPEEYKIYSQKVFSYNNIKQYNRNNLLWDKSMNVD[GLKTG]HTAQAGYSLVS[SATKG]GMRLV[SVVMG]TESERARKVESKKLLNYGFRFFETYTPYKAGDKFATNRVWMGDVK[EVDLG]ILLDTPITVPRGQRKNLAASIELDQQLKAPLAKGTVVGKLFLRLDGEDIAEYPLVTLQEVNEGGMFSKLVDYVKLQFVN
1,>AOW79147.1 cyt,MNIKNTTKHYGWVSIFLHWFVALTVIGLFALGYWMVDLDYYNPWNKQGPDL[HKSIG]ILLFFVMVFRLIWRSAQIKPKALNSHSDTEKKLGHFMHLFLYTALFILMICGYLISTADGRAIEVFQLISIMSFGELFTNQEDLAGAVHKYLAYLLMCSVVLHALAALKHHFIDKDNTLTRMLGYQRLNNQ
14,>AOW79146.1 pep,MNSVKISQQSDQTNVVDNAINIEYSKFVLANGLEVVLHIDRSDPVVAVALTAHVGSA[RETQG]RTGFAHLFEHLLFLESENLGKGGLDKM[SARIG]GSGANGSTSRDRTNYYQTVPNDALEKMIWAE[ADKLG]FFINTVTEEVLAKEKQVVKNEKRQSYDNRPYGHTQYVIDKNLYPESHPYNWQVIGSLSDLQNSTLQDVKDFFRSWYVPNNVTLVIAGDFDEAQAKAWVHQYFDEIKAGNEITPLAKQAANLTITKKIYHEDNFAKLPELSLTWPTVPQYHSDSYALNVLVQ[LLSEG]KKALLNKKLIDELTLTSRVTMYHYQSELAGQLMVKVRGFEKTDLNQIDQAISQALNE[FETKG]FSDEDLATIKAGQET[AFYRG]LSSVLGKGFKLAQYNILTQDPGFINQEAKNILAVNKADVLRVYHQYIKDKSFVATSFVPKGQKNLALKNSIKAQIIEEKIVANAEQSFDVDQQSRYVNTPSSFDRASEPKYGEAPTLSVPTVWQS[QLSNG]LHFYGIKNSEVPLVQLEITFAGGLLFDDIQKVGVANLVAEMMNKGTKYKSPQQLEEAINKLGATISIYATQESIKLS[ASTLA]RNYQATVDLITEMLLAPRWDEKEFTLTKQDIISQIIQQQTNPNQLANNQMNKLLYDKTDILSNNLLGTLQSVEEITLADLKIFYQTKLSPNLTDIHIVGDIDETSVLTAFKQLEKNWLNTKAVLPKMLPAALPTTSTLYFYDVPDAKQSQLRIGFPALNAMHKDFYSAQVMN[YILGG]GSFASKLTQELREGK[GYTYG]VRSSFSGSKSSGEF[IISSG]VRTNVTLEAMALIKSLVENYQTDFTEQDLATTQSYYLKSNARKFETYNAKLTMLENISQYNLPINYVLARAKSVESLTLANVKSLANQHLHHQQMI[YLVVG]DAKSQLPRLK[GLGLG]EPILLNVN
16,>AOW79145.1 mul,MSTFTLIRQDNGIAHLVMDVIGESMNTLKAEFSEEIDTVLKEIRNDNTIKGVVLISGKKDSFVAGADINMLASCQSASEATALSRNGQMIFDQIENLSIPVV[AAING][ACLGG]GLELAMACHARICSDNG[KTALG]LP[EVQLG]LLPGSGGTQRLPKLVGIQKALDMMLTGKQLRAKQ[ALKMG]LVVDVVPNSILISAAENLVLAAQGKASKIKKSQRKISVLDKALEGNAVGRKIIFNQATKSVL[AKTKG]NYPSPLKIIDSVRSGIEKSSVSGYQTE[ADHFG]ELVMSPESAQLRQIFFATTDMKKEQGIEGVNAKPISQIGVLGGGLMGGGIAFVSATKANVDVRIKDIAPQGISH[AMKYG]YDILNKKVKRRFMLKSEMQKQL[AKITG]CVDYSGFKNVDMVIEAVFEDLSLKQKMVDDMESICAEDTIFASNTSSLPIGQIAAKALRPENVIGLHYFSPVDKMPLAEIIAHSKTSDQTISTTVAF[AKKQG]KTPIVVKDKAGFYVNRILAPYMNEAALLLLE[GESIG]KLDKALVKFGFPVGPIQLLDEV[GIDIG]AKIGPIL[QAELG]ERFAAPEAFNKLIANKRLGKKVQKGFYLYKDKNGKKVTKKLVDESVYPLLNIIIKDQKTNDELVQRCVFMMLNEAARCLDEGIIRNARDGDIGAIFGIGFPPFLGGPFHYIDMLGAEVIVNKLNLWSSELGERFKPCQALIT[MAETG]NKYY
14,>AOW79143.1 sod,MAFGT[LFSLG]LYF[IVMIG]IGLYAFKKSTSDAAGYMLGGRNLSPSVT[ALSAG]ASDMSGWMLMGIPGAMYVTGLSSIWIAVGLVIGAYFNYLIVAPRLRTYTEVANDSITLPDFFENRFNDKRHLLRVVSSIVIIVFFTL[YTSSG]IVAGGKLFESSFGLNYEVGL[YVTAG]VVVL[YTMFG]GFL[AVSLT]DFVQGCIMFVALVLVPFVVISDIGGVQAMNDVIHSIDAEKFNMFNGVSALAIIS[AMAWG]LGYFGQPHIIVRFMAIRSVKDLPA[ARRIG]MTWMIVSICG[AMATG]FAGIAY[VAKTG]TELTDPETIFVLFSQVLFHPLISGFLLAAILAAIMSTISSQLLVTS[SSLTG]DFYQAFLNKDATDKQLVFVGRLSVLLVAIVAISLAYDRNSSILSLVSNAWAGFGAAFGPLVILSLYWKKMNKQGALAGMLTGAITVLIWIYA[PITVG]GELLSSVMYEIVPGFILSTIAIVVVSNFTAAPDESVEKMFDEMIEQHNID
11,>AOW79142.1 tRN,MKYQL[INTDG]KARRGRLTFDRGTVETPAFMP[VGTYG]TVKGMKMED[VEATG]A[EIILG]NTFHLMLRPGTEIVEQFGGLHDFINWQKPILTDSGGFQ[VFSLG]KMRKITEEGVKFSSPINGDKIMLTPERSMEVQRSLDADVVMIFDECTPYPASHEESKSSMELSLRWAQRSKVAHGDNQSALFGIVQGGMYEDLREVSVKGLKDIEFDG[YAIGG]LSVGEPKEDMIRILDHTTPLIPENKPRYLMGVGKPEDLVEGVRRGIDMFDCVMPTRNARNGHL[FVTNG]VIKIRNASH[KTDTG]PLDSECDCYTCKNYSRAYLHHLDKCNEILGSQLNTLHNLHFYQRVMKGLRA[AIEQG]KLDDFVSEF[YALRG]LPVPELK
7,>AOW79141.1 bif,MNNIAFALAKTILNGFERHIYLFSEITQSAKKRFELCQWQAVQDAAKSRTDFYDKRVEETLETIKKDFFVSNLDELLWQNVKVSYVDLLKEHHQPELAESFYNSIFCHLFERKYYHNAFIFVKSTVEKIENIASPIIYTRYLPSELGLEQTIAAIMNNANFNIPFVNLERDMKSLIKSFRVQAHKTRYKLSELKFDILDFIFYRNKG[AYIIG]R[VISPG]GETPFIVPIVNNEKEGKAAGLYIDA[LLTEG]ANM[AVVFG]FARAYFFVDCQHPFALVQFLKRLIPHKTLADL[YSAIG]FHKQGKTQFYRDFLNHLDASDDKFELA[AGIKG]MVMSVFTLPSYPYVFKIIKDKFAPSKTMTKQEVKGKYRLVKLHDRVGRMADTMEYSEVAFPKDRFSEELLTELLNVAQSIIRFEDELIIIKHLYIERRMTPLNLYLAKASDEEIEEAMYGYGSAIKQLIAADIFPGDMLLKNFGVTRHGRVIFYDYDEITYMDEVNFRVKPEAITEEQIYAAEPWYSVAPGDMFPEEIATFALANKKYRNAFLLHHADLLEASFWQQCQK[SVATG]KFEDVFPYPEALRFCNN
10,>AOW79140.1 hyp,MTTDFLKYQKIIEQFRGKVLKNDFETNFSAMTQHIPKTERFLLKMELKRLAVACTRLIDLRGHVDGECRSFEHDGRVHYLDDIAIKVYQENIGFYQ[GYTFG]VYEAVMNTENNFRVIYQKEKSNMGKPVQVETTKASKTFEKTQYPAS[LFTFG]PYHNRSEERMNF[AITLD]ILLESDNNEYECTSSDISVEGCKFRFNFKN[IITVG]QHISIRFRGLEDEFQFGKEKSFNFEVKNIQKIDKTQLIGCQRVYSKDKRVDGFQTFLQGFIQGNKRRYKVNLDNTIHAIQSRSFEQYSLPKLNELPIFVEDNKGELLPRYALTCHNNQATFQYWQDENRHSTLYCLITPERLLRMRK[AHALG]KSLLVYSFVHKSQGKSFFYTADVEQLNNDSDFKVQFLGFAASKPSFAITQLSIMDVDIDKAHSPLTLSNTLTKKNEYLNLPIPSDAIETLHNLQSIVVASDVTNPASTKQYQQLSFENIDTIRLKNFGHKRLTSPLLMDEVGINYKNQRQESRFKYVTPVELEIAGVRCSGKSHDFSILGLKLELDKPSVLNKGDVVYLTFPGLQKITSAFDLKGLPYEVMRVNKTKNILNLRVYVEKHQHMGRAFFKALITKNRDKLTPDEYALMIPGLAKALRNIYSRSLTIPTLM[VQTSG]SRYKLE[AIVCG]TVKDKLLPVMKQLSDSPSQYNLYPLLNNLQATSTLTLPLKKMQTDDTPVLETLYIAVNLDNEIIDQ[AVTTK]TASELESPMLQRMFISR[ALNRG]LFFCVQVRLSRTDDPDMDHLNPELSYISSY[AIHRG]KQIEQDIWSVAGVMQFLDITQETLVRHELLSAVI
5,>AOW79139.1 lys,MTDQAQVNQQDENKLI[AERRG]KLAKIRENCPANGHPNKFDRKHYAADLQAEHGEKDKETLEAETATYSIAGRVMAKRGPFLVLQDMSGRIQAYAHKTVQKDIKERWGTLDIGDI[IGVTG]TMHMSGKGDLYVNMDEYQLLTKSLRPLPEKFHGLSDVETKYRQRYVDLIINEETRNTFLIRSKIVEGIRQFLTVRGFMEVETPMLQTIPGGATAKPFETFHNALDIQMYMRIAPELYLKRLVVGGFEKVFEINRNFRNEGLSSRHNPEFTMIEFYQAYADYIDLMNITEDMLRTLAENVLGSSVIRNTVKNSDGEVVEEKFYDFGKSFTRLSMVDAILLYGNDLDENILRNPEANFDALKAM[AKTVG]VKETEASKVWGPGKYICEIFEEVAEHMLDQPTFITEYPWEVSPLARRNDDNPFITDRFEFFVGGRELANGFSELNDAEDQAARFRNQVEGKDAGDDEAMHYDEDYIQ[ALEYG]L[PPTAG]EGIGIDRLVMLFTDSPTIKDVILFPHMRPLAE
0,>AOW79138.1 fla,MKIGLFYGSTTCYTEMAAEKIQQYFADKAKFKTEFDVELFNIKETPLSKIDDFDLVIMGISTWDYGQIQEDWEGHWDDIATLDLSGKIIALYGMGDQIGYTEWFQDALGMLHEQVIAQDGFVIGFWPNLGYEFEASKALTEDNSQFVGLALDEDNQYEQSDERIALWCQQIQREIAEIIESE
23,>AOW79137.1 lig,MIHFFCSFFIILPLSFSLTTQAKVQAIAPNITHFTVAAQSVDQALIKLAQQADQTIIFSYDLTRRFNSNAIEGYYSVSLALRKLLKNTGLHAEVNNKGQWSIKQKNNVTVQSKSKQESKTTEKVKAIEKIVIVGSHINGRTVKELPVPVDIISADTLRNSGQTNLGQILQALVPSFNFSRS[AISDG]SDVLQP[ATLRG]LGPDQTLILLNGKRRHQASLIHI[NSSVG][RGTAG]TDMN[AIPVG]AIKRIEILRDGA[AAQYG]SDAIAGVINIVLNDSSEQTTL[ITSAG][AYQQG]DGQDYQL[SYTQG]LPLGDDGFINATLSLVDHQSTNRSGLHG[ACQFG]QCTQLDNGHWQTDDPRELTANRATFRIGDPSYQQLSFAANSTFELNHGQLYGFLTYSHRENQSAAFFRHSANSNENPLLNDGQA[AIPQG]YLPKIDSDIKDMSYNLGYKAAFDNDSAIDI[SYTYG]KNQIDYTTKDSLNASYANYLSQTSDLTVDELRDQLPKS[AFAYG]LSLSLETVNLLFSQDYENY[SLALG]TEFRQEIYKIIPGNPYSFQDYDTDNNQALFDQDAAGGIQGFPGVAPELAVNESRDVVSIFAESVTQINDFIELSAAIRYDDYDIFGNSTNTKVAVHWQAHQQLILRG[AYSTG]FRAPSMQQMYFNNISTQFIVDESGSLLSEEVETFRNDSTLTTRLGVPSLKEEESD[NLSVG]FIYSPTDNIDISVDFYQIDIDNRIVISSKLGMGISPLLDQAFTEE[SATKG]QFFLNGAD[TATQG]TDIVATWQTQAFAGDINFTLAANFTNTEVTKLFTPQHSTLHTISVEEIFSQQDISIIEEWQPRNKISLNTLYKNQHWTINILFNHYGKY[TITDG]G[KQTYG]EELLTDISVSHQMTKNL[AVTVG]SHNFFDVMPDKNRIGNSRGGTIEDQQGNII[VDSTG]VFKYSRRSAPFGFNGAYFYASLQYNF
4,>AOW79136.1 hyp,MALPYSYANSKEALDKDSGF[VIDTG]YELVK[AHCTG]CHSAALVIQNRMSRDTWLETIRWM[QKTGG]LWPLGDSEKPILDYLAKHYS[PSETG]RRKNLPAYLMPTLEIDLTK
2,>AOW79135.1 sul,MKYKVILFKIFVHLAAFLPLANAYYLAFTDQLGADPVEAIIHFTGIGAFNLLLLSLMITPLSKRFKISILLKVRRLVGLYSFTYAFLHLTNFLVFEVQFDWSLFVSEILERP[YITIG]MAGLLILLTLAITSISLLRKKMGKNWQKLHNWVYLA[VVLVG]IHFYWSVKSEIIEPSIYLFITFLLLALRFKKLNKWIKKD
10,>AOW79134.1 lyt,MNATGDNNFTECINNLQVK[AESAG]YSGYIVNDIIPALAPIKRVIELDQRQPEFSQSFADYLKLRLTNY[HIQTG]RKKLAEHKELFDKLSKKYGIPAQYLVSFWGLETNFGRNKGKMSVLNSLATLACDERRSEYFTAELFDLFHLIDNKTVTTKQLAGSW[AGAMG]HMQFMPSALRK[YALDG]DDDGKVDVWQSEADALTSAANY[LNSIG]WLEKERWGRQVQLPKNFAFQQVEFDQFYPLATFKALGVTRANGTALSDYKIDAELVLP[AGAGG]PAFLVYPNFNVIMKWNLSENY[ALSVG]LLANRIQGASGLKVSAQDKDVLYKPAELQALQEK[LNTLG]FDVGKPDGIWGPKSRKAIRLYQLQHDLIADGFPNSAVLLK[AGIQG]
1,>AOW79133.1 hyp,MPRFVQVDDWIFEIKTVRAIRVDEYGKPYTAIANLTVNGDN[AYIDG]LLTRENEKFNRKDYAAFHKFCQQMQVKQAHFDRFKNNKLIAERVDIKPIKVEAEAVKQTTILKLVR
6,>AOW79132.1 res,MVSTNSKKFDQQKSEKILLVDDDPSLLRLLGIRLSAAGYQIESANSAKMALGILETFHPQLVISDLRMEGMDGMALFEKIRQQQPNLPVIIMTAHGTIPDAIS[ATKQG]VFSFLTKPFESQELLSTVQEAIRLQPQSSAHNTDKKADIWRKKIISRSAVMSSLLQQTYQVAQSDFSLLIHS[PSGTG]KELLAKAVHLASKRHDKKFTAINCAAIPEQLLESELFGHCK[GAFTG]ADKNHQGLF[QSTHG]GTLFLDEVGDMPMSFQVKLLRALQEKEVRPVGSAQSVKVDVRIIAATHKNLQQAIIDKSFREDLYYRLNVVELTLPALSERREDIPLLAQHFLTVAIKSTSHKINGFSQAAMEILIR[AEWPG]NIRQLQNVVEQCVALSTEPLISESLINNALRNESAQLPSFQEAREQFERDYLAKLL[KTTEG]NVSQAAKIAQRNRTEFYKLLKKHHLNAESFRLDNNMISQA
8,>AOW79131.1 hyp,MPVFAQVGDVSTDDIEVIEVVNDQSFNTPNYQVLHRESFIYSSQTLADILQSINGIQIRQISGIGNPVSVSIRGSSSKQVQLYIDGQLINDSQFGGFDLNQIPTEQIESIEISKNQ[AIGTG][ATPIG]GVIRINTYNPTEDSSKL[TLATG]SFGYQEVNALYNKAFKTH[SLSFG]GHYINSDNDYDFIVPAGFSSSDTSDRQALRNNEFTKKSFFINDIFQFNQHQIRVNVQYNDQEKALPNYQNNSPENNSTLNSDNLRYSYQHQWLSKSPWLNSIEFEAYAENKDERYISSPDSIKLDINDYETTKKHIGFKPYLTWNEFNLMPFVSFNKQNFSSVSEHNGKPTQCNGIASCDISAKQEQLNIGSRIEWQPESLPIEVYALLSNLQEKNSNIAINQSSAAKFVANDNYQTTEVGLSFKQGNLKVTS[NLSNG]VRTPTLYELFGDRGSFKGNDNLLPEEAK[TLSMG]GQYLYKSLSISSSIYQQKLENSIVAIFNSSNVGSYRNVSN[ADLLG]IEIQTNYQLLTQLSFALQANIIDSETTSKFVAFNKKKLPGIYHQQYSVALKYKVNSAWNMSFKVSKDKDLYFNLINRIQNNNGHVGNGNPANRTVSDFSVNWKKGKHRISFAANNLFNDKYQDLANRTSQGRSLKIKYTIKGF
3,>AOW79130.1 ABC,MNTANTALLSVQHLSWHADSQLILDDISFTIKKGSFTGILGPNGAGKSSLLRCLYRYVKPDSGLVQFNQKDIWQKYDAYQYAQDIAVVLQETPTHFNLTVHD[VVALG]LLPHKGLFTREQASDRLKIDRAIKQVGLVDKNLQNFE[HLSGG]EKQRALIARAIVQTPSLLIMDEPTSHLDVRYQIQVIEL[AKSLG]ITVIASFHDLNLASAMCDQLLVLDKGKLVEQGSPQAVITSEMLSNVFGVCAQVSLHPQHKVPHISYFYGYDTQEKTAESRALPHV
8,>AOW79129.1 eff,MLTPKIFARRVYAPGEIKANGYTSYIVSPRTESVVISR[HATLG]EHVEKDQPLVTLFSESVAAAQANYRVTYSEWQRAK[KLTKG]TLSESLLLKSETDYIAAFSRLTAFGLTKNAIEDIVKNN[SSTLG]EYTLV[AQRGG]AVLSDDFSQGQ[RVTPG]EQIMILANEESLWVEARVSPNKKLNLPAGTRAEIEFAGQTYHALVIQEAHTIDPTTRTRIVRLSVENKDDSLHSGMFVDVNFQFDTQAAVIAVPET[ALMRG]ADGDWTVFVEDHPGEFEAV[EVELG]QPLGNYRQIIGIAANTR[VVTQG]AFFVASEIAKSGFDPHGH
4,>AOW79128.1 tRN,MFDAITE[YGVTG]R[AIRNG]LIEFHKWNPRDFTHDKHRTVDDRPYGGGPGMLMMVQPLRDAIKAAKAAANFAADSAIGDNSSSDKEQVKVIYLSPQGRKLDQAGVRELAQHNKLLFIAGRYEGIDERLIESEIDEEWSVGD[YVLSG]GELPAMNMIDAIARFVPGVLGHNQSAEQDSFSGGLLDCPHYTRPEVLDTSIEAMSVPKVLLSGNHEHIKQWRMFKSLERTWTRRPELLTNLALTAEQKKMLASIKEDNK
5,>AOW79127.1 glu,MAFSQDEHL[SSLTG]IGRGIEREGLRVLPEGRLSLAPH[HKSLG]AALTHPNITTDYSETLLEFITPVSFDPETTIAQLQDIQKYTLSKIDGELLWPMSMPCFVDNDDAIPLANYGSSNVGQMKT[AYRQG]LKNRYGSMMQVISGIHFNFSFSQDFWQSMQKISENKAPINDFISEKYFSLLRNYKRYCWLIPYLYGSSPTICGSFLKNKTTTLPFKKSASGYMYLEYATSLRMSDLGYTNSEQASLKICYNDLNGYLDGVQNAINLPSEKFAAFGVKVNGKYQQLNSNILQIENELYAPIRPKQVAKSGEKPSEALRNRGVEYIEVRALDVNP[FSDTG]ISIEQVYFLDVFITYCALADSPLFTYQQQESCDANMDEVVVRGRDPLLLLNDNGCDKSVKAWGSEIFQQMQKVAILLDSAYGSEKYSQAVANEQQKLLDPNLTPSAKLLDCVVNQNQSLTGIALQKAQDYRQQLLAADYQVFNEQYFIDAATKSHQGQKDIENADQVDFDTFL[ADYFG]K
3,>AOW79126.1 RNA,MNIIFEHNNFIIVEKPADVNFHDEGDLEQGFFNQVKKQGKAQGKFDDLFPVHRLD[KMTSG]LMIFAKNLATTQEFQTLFEQHKVEKYYLAISDKKPKKKQGLIKGDMEKSRRGMWKLLRTQVNPAITQFLSY[SLSDG]QRLYLLKPRSGKTHQLRVA[LSSIG]SPILGDPLYATQDAYQEQRGYLHAYALSFTLDGEKYQFVLCPSSGEKYLSESCQQQLAAIKTPWSLTWPNIS
0,>AOW79125.1 cyt,MLVAVFLTTVTLLSSFVLASPVDTYVFKDKVTEIRFNALNKELRCPKCQNQNLADSNSPIAADLRREVYDMLQQGKADMEIVDFMVSRYGEFVLYRPRVSSLTYLLWYGPAGLLFIGVIVVVIILRRKPVKNAQQPLSNDQKNKLDQILKHK
3,>AOW79124.1 hem,MQPPNERTNKQVLLCANELTCIREDRILFEALNF[SVSSG]DIIQVEGPNGSGKTSLLRILAGLSQPYDGSVLFQQENIVDHGDAFHQNLLYLGHLPGVKGEMTAQENLVFNLALHGNDISTAEETLEKVNLLGFEDALAS[HLSAG]QHRRIALARLWQSTAPIWILDEPFTAIDKRGVNTLEQLFLAH[AQRGG]CVILTTHQDLSYPEDKVKKITLDYRFY
14,>AOW79123.1 MFS,MTSDKPKSNALPMAIVAVLFFILGFATWLNGSLMPYLKQILQLTPFQASLILFSFYI[AVTFT]ALPSATIIRKVGYKNGMALGMATMMVAGLLFIPAAQTQIFALFLFAQLVMGSGITLLQTAVNPY[VVRLG]PEESAAARISVMGILNKGAGVIAPLVFTALILSGFEGHSTEVLTQASIDEMANSLVLPYLGM[AIFIG]LLGFAVKKSSLPELPSEDEEEG[ANSKG]HIKEALSHP[NLALG]VLTIFFYVAVEVIA[GDTIG]TF[ALSLG]VENYSIMTSYTMICMVVGYILGIFLIPRFISQQKALTV[SALLG]L[VLSLG]VVFGDNNSYAIANIILVPFGGAELPDTLML[IALLG]LANAIVWPAVFPLALSGMGK[LTSVG]SALLVM[GISGG]AFGPLFWGLAS[GSSLG]QQGGYIVMLPCYLFILF[YALKG]HKMKSWK
19,>AOW79122.1 aco,MKEIENRKNELRLAPLPIDSADLLSEIIAQIKDSANEHREDSLNFFIYNTLPGTTSAAGVKAEFLKEIILAQSVVAEITPTFAFELLSHMKGGPSIEVLLDLALSDDAAVAKPAAEVLKTQVFLYDADTVRLEA[AFKAG]NALAKDILESYAQAEFFTKLPEVEAKVEVVTYIAGEGDISTD[LLSPG]HQAHSRADRELHGQCMGTPEAQAEIKALQVKYPNAKVMLIAE[KGTMG]VGSSRMSGVNNV[ALLAG]KQASPYVPFINIAPIV[AGTNG]ISPIFLTT[VDVTG]GIGLDLKNWVKKVDASGKAVVDANGDAVLEEAY[SVATG]TVLTIDTKAKKLYNGDKELADISSAFTPQKVEFMKAGGSY[AVTFG]KKLQTFA[AKTLG]VATPPVYATSKEISHEGQGLTAVEKIFNNNAVGVTSNTPLHAGSDVRVKVNIVGS[QDTTG]PMTCQELEAMAASTISPLVDG[AYQSG]CHTASVWDSKAKANIPKLMAFMNKFGLITARDPKGVYHAMTDVIHKVLNDITVDDR[AIIIG]GDSHTRMSK[GVAFG]ADSGTVAI[ALATG]ESAMPIPESVKVTFKGKMQGHMDFRDVVHSTQAQMLKQFDGENVFQGRII[EVHIG]TLLADQAFTFTDWSAEMKAKASICISEDETLIQSLELAKSRIQIMINKGMENEAKTLNGLIALADQRIEGIKSGTTPALAPDENAKYYAEVVIDLDIIDQPMIADPDVNNDDASKRYTHDVIRPVSYYADK[SVDLG]FVGSCMVHKGDMQIIAQMFRNMEAQGNKIEFKAPLVVAPPTYNIVDELKAEGDWDILQKYSGFEFDDAVPKNAARTKYENIMYLERPGCNLCMGNQEKAEPGDTVIATSTRLFQGRVVADT[AEKKG]ESLLGSTPLVVL[STMLG]RFPTIEEYKSAVEGIDLTRFAPPTHEMTTKYTAPAVPIKVM
6,>AOW79121.1 FAD,MNTAVNVVWLKRDLRLSDHQPLVQ[AIKSG]QTLLYYVFEPLLINDPHYDERHWRFVWQSIADMNSQLAAFNSRV[YLYFG]DAIAGLIEINNVFKISGLFSHEEVGLLSTFERDKSVQQWCQAQDIVWNESQFG[AVSRG]KKNRIDWDKHWHQVMKAPLEQAKLSDDVLASCTLIDKLFFCSFPISWSITDDFMLKGGELWAQRTLQSFLKGRGKGYHFDISKPQASRKSCSRLSP[YLAWG]NISLREFYQTILITRSERGWKRPIDALASRLHWHCHFIQKFESEHQMQWRPVNKAYNDLMYPDIHCGLSVEERLDKWK[TAQTG]YPLVDACMRCLEQTGYINFRMRAMLVSFLCHHLLVDWRLGVTHLAQLFLDFEPGIHYPQFQMQ[SGVTG]TNIIRVYNPVKQSLEKDSHGEFLRKWLPELVELPNEVIHTPWLLSPMEQQLYQCQLGDDYPSPMVDINETGKIARDLLWGFRQRFTTKKEGQRIVAKHVRGNKKISKAKKPQQLKIAESD
2,>AOW79120.1 hyp,MNPSLVKAPQNVIVKQAIEELADQRFDIIVIAIKPQLIEKILPSYRRHLADSGCIISIAAGYSVSSIEQLIGEQAIVRVMPNL[PAKIG]RGVSGLFANSRCSAAQIKNAVALTNAVGYTHLTTSEDELDRVTAVAGSGPGYAFELARCWIES[AIKLG]FSPQTARELVLNTLSGSMELALTSKDDAETLRNSVTSKNGTTAAGLSALMQDEQLASLFDSTVLSAYQRAVALR
5,>AOW79119.1 gam,M[ITTLG]KQAKAAAKVLACATTEQKNK[ALTIA]ANALRENMDALLKANALDVLSVKKAGKADSFVDRLELNPERVEGMAVALEDIAKL[ADPVG]RVLAEFDRPNGLKITRV[ATPIG]VIGMIYESRPNVGADAGALCLKSGNTVILRGGSESLNSTRIIVECMATGLRAAGLPANCIQLVDTDDRSAVAALLRCADYVDLVIPRGGRGLVELVRNEAQVPTLLHLDGNNHIYVDKDADLTKALSIIKNAKLRRTGVCGATESLVLDQAIAKEFLPQLVDTLAGCEIRGDVAAQACDPRINVATDADWDTEYLDAILSVKVVSGLDEALDFIEEHSSKHTDAIITENAEIAETFMRSVDSAVVMHNASTQFADGGEFGMGAEI[GIATG]KVHARGPVGLEQLTIFKYRVAGQGQTRP
4,>AOW79118.1 BON,MRKKLLITLASILLLQGCVAAAVVTIVGGASAATD[ERSIG]TQLDDQKIEFEA[NAKLG]KHQALADNTNIQVISVNGS[VLVIG]QVPNTYLRDLAIKSINEVKQVVQLHNQIRISNTTSITTRSNDVWLTSKVK[AALFG]SDNIDATNIKVVTENGEVFLMGLITQAQANEAVEIARNVSGVNRVFKIFEYI
5,>AOW79117.1 hyp,MSVLNS[NVMIG]VGLRHPHFTDILTQPKQVDFIEVHSENFFGQGGAALSVLKQVREKYPVSLH[STSMG]LGSVQNIPQHYLDRLKKLTENIDPFLMSEHA[CFTWG]QQQGQVIHSGDLLPIAHTQQTLATMCEQVEKVQDFLGRELIIENVSAYIKFDESHLSEAEFLAQL[YQRTG]AKILLDINNIAVNSVNFDNSDIQQSITDYMNELPVASVAQIHLAGCSIPLVGELTIDDHACPVSD[EVWLG]YKKALTRFGALPTLIEWDSDLPEWSVLVAEAKKARDIADAVLVRKST
6,>AOW79116.1 hyp,MAFYNSLIKNSAIILITLLYGCSSVPKLEGNVEAPRVKLSLAYQKIAVTNQYDDPWEGFNRRMYYFNAKADEYILLPVVAGYKAITPDFVERAVSNFFRNLGEFTVFIN[ALLQG]KPSVG[VETFG]RFAV[NTTLG]LFGVFDV[ATKIG]LDEQNEDF[GQTLG]VWGVAPGPYLVLPLLGPSSL[RDTFG]VGIDMLALQFVIDELGVSGDEEILLTFLRSIDTRANLPFRYYASGSAFEYERLKVLYMKYREIQIAR
4,>AOW79115.1 hyp,MLTKFLCITLCGLMPSLALAEQLAFSKIEKGDNYQFNYQWLDYQGETQSLQFLLAKKAIFDRFRNFKVFKADMAKYSINNALQKKLRAEPIRGVMIDFNKNSTNDEIVIKGRNNQTINAAYARVYKLKQALSNQYLADNYYHQFITHDQINAVKPDHGRFANIASIDLKPVKPIILKKFSIKNIRKVTDYVLGFIQSIPYATLESRVT[ASGAG]FNPPLKLLWENQGDCDSKVTLTAAILRSLMPRIKMILVFIDN[HALLG]IQVPVQANDQTVIIDGISYVL[AEPTG]PRLLPLGEIAPASEL[AVGNG]HYTAEQFHKKVKRALKTDLNNTTVAGKEP
3,>AOW79114.1 RNA,MAPNPEFVYCPPMSPYLDIIYRDDDIVVLNKQSGLLTVSGRLPAHKDCLQSRVNKVLPTATVVHRLD[MATSG]ILIMALHKPAHVAISRMFQQRETKKSYI[ARVYG]HMKDDNGSVDQPLICDWPNRPRQMVDHERGKQSLTHYRVLSRDTDANSVPSTLVELTPITGRSHQLRVHMLFLGHPILGDRLYSHES[AVTAS]ARLLLHAQMLELAHPCIEKTLTFKVPCPFL
2,>AOW79113.1 Co2,MGYDISVSVKTEYIASQLIENEKNYVFSYTISIANNSNKPVKLLSRYW[LITDG]DNKTSTVAGEGVIGKQPIIAPDNTY[TYTSG]CILKTPVGTMQGHYQMLSDDKDLQQVEIPVFGLAQPHILN
3,>AOW79112.1 dia,MTLLSMIVAHADNRIIGKDNNMPWHLPADLAYFK[KTTLG]KPIIMGRKT[YESIG]RPLPGRQNIVISRDQNYHADGVDSATSVEQALLLAGEVDEVMVIGGGAIYSHCLPLANRLYITHIK[ADIDG]DTQFPEYNTVEDWQLTSSVKLSADDKNSFDVDFCVYQRK
2,>AOW79111.1 per,MGILMAREQFGICAEPSLHGYYLMFNVLDDKNAHVRHALSRLPALFDHYADRFSESNLAG[VIAIG]ANYWDELYPQGRPKNLKPFSALECDDRAAPADSYDLYIEIRSDRADVNHIVSTKVCSLLANSVELAEQVRAFRFLDGRDLTGFVDGTENPQGSHRRKVALIANEESEEFAAGSYLHIQRYRHNLNLWDNLKVKDQEDIFGRTKLDNEEYSNENKPATAHTKRVNLKDEDGNAIEIVRQSMPYGDMKLQGLFFVSYCRSPEPFEMMLKAMIQSDAHGHFDHLLKYT[QAETG]ASFFAPSLNFLAKLAL
6,>AOW79110.1 met,MLVRLQNENKLVDCQRLFHGRGHAYPGLTHVNVDWFSPVVLITLYQEVEEAWLSEQVIVIQQLLPQCLSIQVQYRSRKFSPSEVLWGEEINALN[AQEHG]LQY[HLSLG]K[AQNSG]LFLDMSNGRQWVKDNSQGKKVLNLFAYTCAFSI[AAIAG]GAEQVVNIDMSKG[ALSTG]RENHKLNKQEASKVKYEGVDIFKSYGKLKKYGPYDLLICDPPSFQKGSVNIERDYQKIIKRLPVLMANNSDVILCLNSPDLSENFLLAEVARECPQCQFQHRIENPEVFVEAEAGKGLKVLYFRYVEMC
2,>AOW79109.1 HDO,MDAHQYALQANGSFALPDACFKIKALMDNEDSSIEDFANVISVDPSMTSRLLQIANSAIYSFPGEISTISR[AITII]GTQAIYNMMLVDVAATAFKHFSNQAIDLKRFWRMSIFCGLATKNL[AIKAG]IRDIERLFVAGLLQNFGELIVAKITPEIAKKCEKYSAEQLPWVLQKQALGFTYTDISAELLKIWQIPEKIILPIRHFNEAKTIQINKDVKVLYLASRLALVDSHPDQFDYDDSVDESLCANLNISSDDLAQAIVFAAEEAENILTIMNGGLFSK
8,>AOW79108.1 pep,MKFKLIASVSLLTIAFLSACGQSEKATITVAEKTPQVNENNIRAHIEFLADDTLLGRDTGSDGYQIAANYVKSYFKQLGLTPMGEQAGFEQQVTFRKAFLEENSAKLSVINSDGEVALKFKDAFIMSGDSAATESAISAE[TVFIG]YGVVSEDFGYNDYKDIDVEGKVV[VVLTG]RPDDLPSEEGAHIGSGSEKIKS[AVKNG]AVGFITIHTPKRDAVRTFTKTASYADAPRLNWLNKDGIPFGKHPQLKGGAYLSAESAA[ALFVG]AERTLADILSDDTNNVAIKGFALKSTVEMASKSRHEEITSPNII[AAIEG]SDPSLKDEYVVFSAHLDHIGLSSHGDEEDKINNGALDNASGVAILLETARLLSAMPEKPKRSILFVVVT[AEEKG]LLGSSYFATNPTVPASQMVANVNLDMPLILYPFADIIAFGST[HSSLG]PIVASAAEKINLSLSDDPMPEQALFTRSDHYSFVKAGIPSV[FLMTG]FKSKDPEIDGGAVFGDFLKNHYHQHSDEITLPIRYDAAASFAEVNMMIGLEIANGDKRPTWNQGDFFGKTFAQ
14,>AOW79107.1 dig,MSLLGKYRKLEARYTALFKLNQLSHDCADLSMFYGQVHQSIASVMRAENFYIALYDQTLSTLEFVYDVDEKDDYPLGKSPLEAFAGSMTCYVIETAKSLLATPEIVTELEANNSIKRLGSDSTDWLGVPLLND[GVVIG]VMAVQSYSEELRYQVDDLELMEFTAQHIVTAMTRLHDHERLQNAVNSRTRELMKQIREREKSELLQESLFKISELTNDATLHIDDFYSMVHNIVGQLINAQNFYITKYDQHSKTLTFVYYLDQNSTNAAVDSQ[ARILG]NGFTEY[IIRTG]ETQLLNYPKMYALYQQGETKEPQKETKSWLGVPLIHS[GVVLG]AMVLQSYNL[ATTFT]EQDAELLKFVSQHVASAIQRRDILEVERQSHILLEQQVKLRTVALEDEIKQRKKAEEKLQHTASH[DILTG]LPNRTLFINLLNHAIACHKRKADLKFAVLFLDLDRFKVV[NDSLG]HHAGDLLLQEIAKELKVLVRDKDT[VARLG]GDEFVILIEDLESNHEAYDIAQRITEFLATPFTIENQ[SIFIG]TSIGVLFNDERYDSADIMLRDADTAMYH[AKDKG]KGRYEVFDSSMQKKVQHALELEADIRDGIANSEFSPYFQPIVDLKTETVVGFEALARWQSNKRGFVYPDDFIPLAEETNLVMAIDFLILEKSCLQLKQWEAICGRNDLYVSCNLYGNHFFSATLPADIEEIIQRVGIKPSQLRVELTERALLENSDLVLENMNTLKVLGVKILLDDFGTGYSSLSYLHRFPIDVLKIDRSFINNAHEHDNHQAIIKTIIDLATNLN[MGTVG]EGIENLADAELLTAM[ACRYG]QGYYYAKPMAAADSEKYLLK
6,>AOW79106.1 his,MLAEVLNNVGTCIFTKDIHGCYTYVNQAVLDLFNVNSTDIIGFEDSHFFDLALSQQLKENDRKVIKEAITVENEETNFIKSLQETRIYKTVKKPLFDDANNVIGICGVSIDITAEKKLQKIVKAQKKLLHAVLDNVDAYIYMKDSERTFKYVNSKV[AELFG]TSAENIIGKKDTEVLPLDVAEHFNQSDQK[VFDTG]EKQTIEETS[ADEQG]NVRYYISTKIPYQNQGELPTLIGFSTDVSELYALKEEFRKQANTDSLTKLYNRRYFIDHAEREFHRAKRHLGILSLIAIDIDHFKDINDSYGHPIGDNVLMSVAQCFLPCLRQEDIL[ARIGG]EEFSILLPETTLQSAKVVAERIRLNQSNLIIKGEWQGEIKI[TVSIG]VTCIRFEDDNFDDFFTRADRALYQ[AKDSG]RNQVFCG
5,>AOW79105.1 Lys,MTQSGVSQHIKKLEAQLDTLLLTREGKSFSLTDAGIKLRQQGQDLLETSADIEASIKQDDAFIGVIK[ISTPG]SVGLKLYPKMLDMQQRYPALIIDYTFAPNKNIEQNLIER[KIDLG]ILTELNKSPQLVYKKIAIEPLVLVTSSDVKSINWQV[LTSIG]FISHPDSEHHAQQLLSKNYLEFEHTSQFKHKGFSNQISLILL[PVSQG]LGFTVLPLHAVNAFPEQSLIKIHTLEIPVSETLYLCQNKHSFDTQRSQLIKKSIREFIL
3,>AOW79104.1 hyp,MIDFSKQENGRWRITNDGVMG[GLSNG]EMTFTQDHGIFSGSISLDNNGGFSSVFRAVDNLPQSYKKLV[INTEG]DGQAYQLRLIIYVNGYRLAYKHDFKTVANKRENHIFELADFK[ATFRG]RAIPNAPLLNSEDIKEVGFLMTKKVPGQFALSIFTLSFLKQ
3,>AOW79103.1 AAA,MPSSLVKHDSLKIAWQRICRVHAMHSQPKNKKGVLIYGVSGEGKSYLVKQYETLFPQQKIREKTIMPVFLYRFKESKKQVDDILKLLIKALGTTPPKGKTEPGELDEQFCHLIKELGVELIILDEIQQVL[PNTDG]VTALNTLKYLCSLLDGLSAS[IVFIG]SERAMR[LLTFG]KTEKAVDDNEQLSRRMMRSVKLERIEPRTDDWLDCINWFIDKIQFPFLNYKDGPLLNRLYLAYMERSFSTLESLFLLEDMSGIQDKQELIARLKDNYDIYGKAKLNPFCSTDISDEEVNTHINHVFQTSH
5,>AOW79102.1 int,MSYRKDHKQTAA[AAQSG]MSERTARRIESGQHSTTHLPRVYRTRKNPFNGAFEEHLVPLLKADPELQPITLLDQLDTLMPGKFGHNHLRTLQRRVKKW[LATEG]PEQEVIFRQKYMPGFMGISDYTWMNKLEISIAGQAFSHKLFHYKLVFSGWTYAQLVFGGESFE[SLSTG]LQNAFWRSGGVPQTHRTDSLSAAFNNHYEQEALTERYQKLCAHYSVVATRNNKGV[AHENG]AIEVAHSHLKRKVDQQLRLRGSRDFATITEYQSFLDVIVAKINRQCKTRFDEERKHLNDLPKRRTNDFCEQYVKVTSSSTISVKRVTYTVPSRLISHRLLVHIYDTRLDLFLGHEKTLSLSRVYAQGHLRSRAVDYKHVIHSLAKKPNAFKYSQLREDLIPEGDFSLLWQQLTAEHVSDKDCRYMVELLLLAHNYNCEHALGRYVLKNHEQGKFISIDMCRKLFAPSTLVIPNIVSHQHQISDY[DILLG]GLHG
6,>AOW79101.1 lar,MSMIKDFKKFAVKGNVVDMAA[GIVIG]VAFGKIIT[ALVSG]VIMPPI[GVLLG]GVNFSDLAIVIKEAVGEAPAV[VISYG]AFIQTIVDFTIIAFVIF[MVVIG]INKLKKKEEEAPKTPSPPSKEEMLLTEIRDLLKSKS
6,>AOW79100.1 alp,MQGNLKEKLVQQLSTIYHDVPLEKSVSDIAQSLLDIMGLSEETMAAKPFSNHWSEEDII[LITYG]DSIVKADEVPLKTLKTFLDTNVSNTINSVHILPFFPYSSDDGFSVIDYSSV[NESLG]TWQDIGQISEHYRLMSDLVINHCSSRSAWFDNFIKGEGQGSDYFFTALADDDLSAVVRPRTSPLLK[EIETG]KGKQFVWCTFSHDQVDFDFRNPEVLKAFASIIKQ[YLDMG]VKIFRLDAIAFLWKVVGTPSINLPQTHEVVRLLRTLIESAKQDAVIITETNIPNTQNLTYFGNANEAHGIYNFSLPPLLLN[TLLTG]NCLYLKRWLMSMPPAQDGTMYFNFI[ASHDG]IGLRPAEGLLDEAELDNLVKTVENFGGKISWRTTDSGQQKAYEMNISLYDAMQGTVRGKDQWNFERFICAHAIMFALEGIPGIYIHSMLGTQNDYQKLANTHHNRAINRRRWHVEALEEALNDSNLHHAKVLSSLKSLLALRIKQPAFHPNATQFTLHLGLQLFGFWRQSKDRKQSMFCVSNISDQPVVLPLSELNLIITESWLELITEVKITELNQELTLSPYQTVWISNI
1,>AOW79099.1 hyp,MNQQMAEHYLLAKPASSLYYPFGDDVSVFKVKNKLFA[TISHG]SNAKSAKVAEDAKGHFWMNLKCDPNEAEILRDIFPGIIPGYHMNKSNWNTIILDGSIPQGELERMMDNSYLLVVSKMTKKDQQSILIQL
1,>AOW79098.1 DNA,MKKHRAFLKWAGGKYGLSDVINKMLPKGERLVEPFVGAGSVFLNSNFDHYLLNDINQDLINLYNIIKDNPQKFIKDSAIYFTPEYNQSEVYYRLRKEFNASSDSYFRSLVFLYMNRHGYNGLCRYNKSGGYNVPFGKYKRPYFPENEMLYFAEKAKKATFVCEGYRETFARAKSGDVIYCDPPYVPLSKTASFTS[YVGNG]FGLDEQADLANIAEEVTEQDKISVLISNHDTIWTRKIYEHASKQKTIQVARTISQKASKRNKVAELLVLYK
3,>AOW79097.1 nuc,MALFFLGSALSVASEWSKTELFYQQGKLLAPSFAGGGKHATTVITLQHASGWKYGDNFFFVDHLNDGNSDGFDDSEFYGEIYLHFSAKKIFEMQKPASFIKDVGLVMGINASADANVMKYLPGIRISWDIPGFSFLNSDITAYI[DASDG]LRVGTANAPTEQDSFMI[DISYG]Y[PFSIG]ELDFSIEGHMEYIHERQNELDGKVHSWFLAQPQLRLDIGKLLANNPDTVFAGIKWQYWQNKLGDKTADENVIMALIVWRL
1,>AOW79096.1 ami,MLIGFTEAKEVLMAFSQEIPPYIFQKHNKGIEIDIISAALAYKGHTLKPL[YFPLG]RIPIAFRSNLVDAAMGDMGINLEAFGGFYAEPAVIYNNVFITLKDRNISIEKPSDLGGLQIVSFQGAEKRYPKWLNKVKEDNRFYGISDQLTQVKLLHYRRYDVVLSDIYIFKHFVKQLILMNDLEVGDVKVHNFTKANPDDYRPVFRDKKVRDDFNLGLKNIKETGRFQKIYDNYMKL
1,>AOW79095.1 pro,MTDFIELYPNALSPEFCKRFIHDFEGSPHKNQ[GRTGG]GVDTTKKISQDIYLNQHAEFQPALETILQACITHITEYVSKYYFSLISSISLTVQHPVTKQPVQLTADNFEEVGRPNLVNLIQYLFRLAPINAQKYLQGKGNYNYWHSEIFPQLGDNNALHRNLLFLIYLNDVEEGGETDFFYQERSVKPKAGTMVIAPCGFTHTHRGNVPVSSDKYVLTSWMLFNPADKIYTPQP
1,>AOW79094.1 spe,MLTIFILSCLFVNSTSAEVVHQERSLYRNILVDDQGDLRCLKFNVKTTKTNQSCFYKTAPQRLVFNYTKLLFSGLLLIEQPKSIL[IVGLG]GGTMSNVLQELYPTSKITNVEIDPAVVKVARQYFGFLENQAVSSIIQDGRIFIKRALIRKQQYDWIILDAFNGDYIPEHLLTQEFLQEAKDLLSPEGVLSANTFSVSDLYAHESATYKAVFGDFYNVRNYKNSNRIILAAKGQLPSVELINQRAKKLQTRLTPFNIDLLKISQQMTPISVEQDWPEKTKLLTDQFSPANLLN
8,>AOW79093.1 por,MKKTLIASALVGLFASTAVIANDDTEELRKVIAQQQEVLKNLEQRLDQTEQRLEATADQVESSTTASPF[AKTTI]GGYGELHYNNYKDTDAKVDFHRFVLFFGHEFTNKLRFFSEFELEHSIAGEGKNGEVELEQAYVEYDYSDTI[TTKTG]LFLVPVGIINETHEPPTFYGVERNGVEKNIIPATWWEAGVAANFKLAPGIAVDT[AITSG]LNVGNDYKIRGGRQKVSNASAEN[LAYTG]RIKYTAIPGLELAATVQFQTDLAQSAAGVDKA[AATLI]QAHAIYQVNNFTVRALYAAWNIYGKE[AKALG]RDEQTGWYVEPSYMFNEKMGAFARYAEYNNEAGASSSDAVE[STSVG]INYYLHENVVLKADFEELSGSKDSQGFNLGFGYQF
10,>AOW79092.1 hyp,MEEVVMKKQAGFTLIELVIV[VVILG]FL[AVTAI]PKFIDLTDQAKQ[ANIEG]MAG[GFATG]ISLARAQWEAEG[RTTTG]TNNTTVYDGVSLTLTTEAAGVRPGYVT[GLTDG][ATLDG]DFDAVNCKEIWDNIFQQPPTLKTYAGLDSTTNYI[VAETG]DVADSHCIYYLKETLNK[DATTG]DFVDPG[VANIG]NNFTYYPATSRVEINIAVIN
8,>AOW79091.1 MSH,MKNTQRKFYCFTLLLTLFGCQTAPDKPTEMINALDKAIEESSKPAPKALQQVPNAIQQELMQRNVSQAREGLLAEKRLEIAASDVSAQEFFAALVDESAYSVVVHPDVSGTITLNLKSSTLNEVLDVVEEVYGYEIRRSGKIVQVYPAGIRTETIPLNYLFVKRSGMSSTSINSGGVSENDQGSGNNSNNSSNGNSNSSGNSGGGNSQNSQQGSSGINIYTETTSDFWAELKETLTVLVGSEEGRSVFVSPQAGLVTVRAFPDEIKVIKSFINDTETHLRRQVIIEAKIMEVTLNDDYQQGVKWDQI[LGSIG]STNLA[FSTSG]SIAGNVI[ANTIG]GTSNLTINNNDFSGVIDL[LSTQG]NVQVLSSPRITATNNQKAVIKVGGDEYYVTEVSS[TTTTG]TSTTTTPEINLTPFFSGIALDVTPQIDGNGEVILHVHPSVTSTDEQTK[VIKLG]SEEIILPLAQSSVRESDTIIRAKSGE[IVVIG]GLIETRKVMLDSKTPFLGDIPFMGELFKSKSETTQKKELVIMLK[PIVIG]QDTWKNQLQDARSLLKQWFPEENDFSQSEKGRSDDSSDNE
11,>AOW79090.1 hyp,MKTLVFSSTLLALSSS[AATLT]ESETKQLTQLKNTALQSNLSYQVLESLTTEVGHRLMGSEGDRKAVIWAQAKMNALGFDKVWTEEVTGTFWQRGEAQAKIISPYPHKVV[AIALG]GSIATSEEGLIGDVAHFETLADLIAAPDNSLDGKIAFVSYQMEEHIDGNGYGPAVGTRVGGAVV[AAKKG]ASALIMRSVGTDNNR[IAHTG]IMRYEAGVKKIPAAALSNPDADLLVNQLKRNKPVSFYLKLTSHTDAKITAVS[ANVIG]EITGSEFPDE[IVSIG]AHLDSW[DVGTG][ALDDG]MGVAMMLASAHHIAQLPIRPKRTIRVILFA[AEEVG]LLGAKKYMEVHEKNMNNHIIGAEWDFGVGKIY[KMTSG]VGKESLTAINDLAKH[LAPLG]VELSNDNNAQAQSDMSVMSAAGMPSMNFAPDGTKYFDYHHTENDTLDKVNPEDLKQATAVYTLFAYFSAQSGINFRK
19,>AOW79089.1 vol,MMISLSLLRKRLALPRTSWQLCL[LAALG]GTASALLVVLFTYSIETVQSFYLVQKDNYTSLSALSRFHLPIVGGLVILFF[AWLTG]YQ[YLRTG]IPFVLHRLKVANGIIPFRNTLNQFFGSVI[ALASG]FSVGKEGP[AIHLG]AACSSYLGNKLNLPFNTIRTLCACGIAAGISACFNTPIAAVIFVMEVILREYKVHIFIPVMI[ASITG]SMISRSLLGP[AHEFG]YFSKISLSFDHYPV[LIILG]LILGLLAYGFNRYLVIIIKYSSSIHIVPRIMLA[ALITG]ILGFFVPFAMGTDLSVITFALENNIPL[QLLLG]VLFAKILMT[ITALG]LGIPGGIIGP[IIGIG]AIVGTCVS[ILVTG]YLPGENFAGD[YALMG]MAGFL[AATLN]APLAALLTVVELSNQLEVVVPAMIVITTACVFSGQFFNNRSVFVMQLEQQGLKYRKSPIEKSLQRIGVLGVLQENISVYQQECSLEVFRALKNVELLNHVIIEVAPETESLSPYSTFSWLKIKHDSGTKRVEIVQLQLLPLQSQSTLAEAYLALIEQRDGGVYIYDNDPNEILGIITFEQIRS[YLLEG]KTTV
4,>AOW79088.1 asp,MKFEGSHILSVSQLNRDAISRILEVSSLMAPYAMRKKRCHVLDGAILNNLFFEPSTRT[RVSFG]AAFNLLGGAV[RETVG]QENS[SLSKG]ESLFDTARVISGYSDIIAMRHPTMYSVEEFSKGSSVPVINGGDGANEHPTQALLDLFTMQSEMAPHNKTLDGLNIVLMGDLKHGRTVHSLSKLLSLYKNMKVTMISPDALNMPDSIISSLTNAGHQVVVTDKIDHNLSCDIIYQTRIQQERFASKDEANLYRGHFSLNREVYQQFCQQHTVIMHPLPRDSRPEANELDSDLNDLDNLAIFRQAQNGVLVRMALF[ALTLG]VENKLSQFEKPVTWYTNK
4,>AOW79087.1 tRN,MSTTQYRGRFAPSPSGFLHFGSLIAALASYLHAKNQQGLWLVRIEDIDPPREMLGASAAILTTLDAYGLHWDEPVLYQSQQSDLYRDVLKQLAEQKLTYHCQCTRAEIKAQGGIYQGQCRKKNHPQTNSATRFRNLHGIYHYHDLIQGDYFCPQQLAKEDFIL[ARKDG]LFAYQLAVVVDDIYQNISHVIRGCDLLDPTVRQLSF[YQQLG]YQ[APQFG]HIPLA[VDATG]FKLSKQNKAPAIDNNNPTPSLIAALNFLGQHPPKDLYAYSATQIIEWAIENWSTDAIPKQQEIAFCQ
8,>AOW79086.1 pol,MAKSSTKI[QPTSG]STVLTRDQHNVSRKKMSNNALKVLYRLNSGGYD[AYLVG]GGVR[DLLLG]LEPKDFDIATNATPEQIKDLFRNCRLIGRRFRLAHIVFGREIIEV[ATFRG]HHENAPEKEQSCQKTSKQSEDGMLLRDNIYGSIEEDAERRDFTINALYYSAKDFKVHDF[ANGIG]DINAKLIRLIGDPETRYREDPVRMLRAIRFATKLDMTISPETEAPIAELAPLMANIPPARMFEEFLKLFIAGKAQLTFQQLRKYDLFRYFFPATDQ[MLSKG]NHPHIERFIVQALENTDSRINNEQRVTPAFLFAAMLWYPLQSHVERLRSAQPQLSPQDVFFAALSEIMSEQ[QRSIG]IPKRFQAVMKDIWILQDKLSRRDGKRAYKALEHQKFRAGYDFLLLRAQIEATPENPALEELAKWWTDFQVNDHNTQELMIKSIAQSRTTSRRSPRKRRVAREDKSSSSD
6,>AOW79085.1 pep,MNLKKSAPLTVERIYKEGEFSSDYISRLRWL[ADGSG]YTIVEKSAKTKTDEKGK[EISIG]RDIVVYNPETLQRSVLISAQQLTPKGTEKPLAIDNYTWSDDRQKLLIYTNSKKVWRSNSRGDYWLLDIKTNKLMQLGGKKPLESSLMFAKFSPDASKVAYVVADNIYVEDLANNKVSQLTFDAGDGKINGLFDWVYEEEFTIKDGFRWSPDGEKIAYWQ[LDTSG]SKDFIMINNTDELYPTITKFPYPKVGETNALPKVGVVNLTTTKTIWANLPNNSRDMYIPRMNWSGNSQQILVQHVNRKQDTNILYLA[NANTG]DVTPVMTEQEETFLDFFDDARWLNQGNSFLWTSERSGWRHVFNITRDGKTAL[NLTEG]DFDVISIQTIDEENGWLYYIASPENVAQRYLYRSKLDGSLSNQRVTPEEFAGTNSYQMSADGQWAIHSHSTFSQPTQKRLVKIEGHQTKHMMMDNKVLIDKLAELPKTDHEFFQVTAQDGVVLDGYIIRPADFDPKKKYPIIFYVYGESWGQTVTDSWRGNAAMWDQMLTEQGYIIASIDNRGTRTPKGREWRKSI[YGAVG]VLSSRDQSDALTAMANRWDYIDTDHVAIWGHSGGGSMTLNMMFRYPEQYHVGISLAPVPDQRLYDSIYQERYSGLLADFAEGYKQGSPITHAKNLQGKLLLIHGTGDDNVHYQGSERLINELVKHNRQFDFMSYPNRSHGLYEGSGTTLHIKTMMTNYFNTHLKL
7,>AOW79084.1 dih,MLWTALITPLLDNGEIDFPSLKQLAISQSDAGNG[IVLLG]STGEGLALTSQEQVKIVEFVCQLSLSAPLMVAVGGYQLTEQINWITACNKLPIS[AYLLG]SPI[YAKPG]VIGQTQWFSALLDAANFPCMLYNVPSRSGVSIAIETLQAVQNHQHCWALKEASGDLNQVLAYHQYCPDI[ALYSG]EDAMMPYLAQ[AGVKG]LVSVCSNVWPAATHQYVELSLA[GETQG]LFPLWQNAVDELFQVASPIPVKVLMHQNKMINTPFLRAPLTHLELNDCNSLLASDKLINQWLENQAK
4,>AOW79083.1 hyp,MINDTNEDASNNTKYWAELIANSQSTNLVNDEEQLISNYLSMLKHVPYIRHVHIYKKVPDTEAITFFASYNKSAIGKAISEKSEKIAELSS[AKFSG]HIIEIMLPVIAE[EQTVG]YVYIQVSSEHIQQITNHLLLRYTLLIFMFIFITALISIALNRFITTPMSDMANKVQDISKHKQFNLRIEQMPFKELDILARNINIVLNRAETQLAKLSDAKQLTYQQNKDLENKVNKRTQALKDSNNELLSTLEKLHQFQGQLVESEK[MASLG]DMVAGVAHEVNT[PIGLG]VTASTLLSDRLLEIKKAFDDKTLKSSQLKKFLVEGEENTAIIYRNLKRAAELIASFKKVAVDQSSEEARTFNIKNLFDDILLTLAPQIKKLPFIINVDCPSELVIKSKPGPINQIIINLIQNSINHGFDDRDHGVITIQTSISSDMLTIDYQDDGRGIEPSIMNKIFEPFTTTKRGSGGSGLGLHLVYNLVTQALGGKISFISEIEKGVNFKIIIPTQVIKED
2,>AOW79082.1 pim,MAETLKISSQGCGLPLVFIHGWGLNSGVWQPSVEVLKEHFEVITVDLPGFGANLEHSISPYTLAEVASLIAQSVAKP[AVYIG]WSLGGLIASEIALNFPKQVKALITVASSPCFVEQENWFGIKPDVLAIFHRQLAEDTAKTINNFLKVQAMGSPHLRHDIKLLRELVMQFPMPTKSTLDESLQLLTTVDQRESLAQISIPYLRLYGKLDGLVPRKAITAITALSPNSDVVIFEQASHAPFISHPEAFIETLTTWLAPLVERTYR
10,>AOW79081.1 cyt,MLLGSVLSSSAWADMQL[NLTKG]VTEVSRDVYDLHMLAMYI[CVAIG][VVVFG]AMFWSMVFHRKSKGAKSADFHESTKVEILWTAIPIVILIAMAVPATKTLIEMENNDDSDVTIQVTASQWKWHYKYFDQDIEFYSVLSTPRSQYETQEGKHLDVDAGDKVKGENYLLEVDKHLVIPVNKKVRFLITSDDVIHAWWVPAFAVKQDANPGFINEAWTKVDKPGIYRGQC[AELCG]KDHGFMPIVVEVKSEADYAKWLDEQHQLNAQAAAAEKASLNASASMDE[LMTLG]ETTYVAHCAACHQVSGAGLPPAFPALKGS[PIATG]SIAAHIDIVLNG[KAGTG]MQAYGKQLSMKQIAAVVTYERNAWGNNTGDAVQA[ADVKG]T[AKGSG]NDTEAPVKVTESVAEEAPAEDLTKVYSEDELMVMGEQVYMKACAACHQVSGAGLPPAFPALKDS[AIALG]DIAAHIDMVINGSKKNPAMAAFGSQLTKTEIAAVVTYERNAWGNNTGDLVQPAAVDAASAK
4,>AOW79080.1 ace,MQASFEEPVDSLANGECVILLHGLARSANSMKAIEKRLLAEGYFVININYPSRDYSIEELAEKVISKALLICENRQVNFVTHSMGGILVRQYLSMHKIPNLHK[VVMLG]PPNKGSEVVDKL[KNTPG]FSFINGDAGM[QLGTG]EFSVPSNLGNANFDLGVIAGNQSINWILSTLIPDKDDGKVSVASTKLDGMNDHIEMETTHPFMMKNEKVIEQVIH[YLKSG]SFQK
11,>AOW79079.1 hyp,MEPL[YLAIG]IGVLLVFSLLIMMAKFYHKVEQGQALIINKLGAEPE[ISTNG]GMVIPIIHKKEIMDISTKRMMLERKGRSGLICQDNIRADITITFYIRVNETKEDILRV[AKQVG]CERSSFPETLQELFEAKFSEA[LKTVG]KQLNFTDLFTQRDIFRDKIKEVIGQDLSGYVLEDVAIDFLEQTSINDLDPNNIMDAEGIRRITELTAQQSVETNDLKRQEEIRIKRQDID[AKEKG]LELDRQLADAQAKQTREISTVEAREEAETAKIVQEEFCKSEQARIATEQTVAVAEENKQREADIAQQNRFRAVAIEEEKVKRARQVEEIDREKEVETLRIDKEKALEIERKNIAEVQRERIMVEKGVAEEEELIKDLRVVSEANRQKDELVIKAKGEAEQALVKDIESAKAQEQAAEHIARKMQTIADAELKAASKQAESKKILAEGNQAE[AASQG]LAEAQITLAQADAHERQGEAEAKTLELKLT[AEAKG]IQEKAL[AEATG]LREKQDVLNAMSEQARE[FETFG]LRLNQERELTLAKLENSVALAEKQAGVLATALSEANINIMGGDGEFLRQFMN[SITVG]KSIDGLVNESETVKTLFKDHLNGDRNIMDDLGGVLAGAAQTSETMKNFNMSKLLSTLNNADDTQKGALASLLNLANKNSSDEK
8,>AOW79078.1 pep,MVFAGHVSASNWQQESGKITHQEQLRGSITPERMWWDLIHYHLNVKVDPETKLFSGKNIMTYKVLAKGERLQIELQAPMKLEKVHQNGKALEVEQDGYSYFITPASKQEIGSEQKITMYFSGQPVTAKN[APWDG]GITWKKDSNGLDFIATSNQGIGSSIWWPNKDHPADEPNNGVLISVEVPEHLM[DVSNG]RLIKVEDNKIDKTKIYHWQVVNPINNYGV[NINIG]D[YVHFG]EKYQGEKGQLDMDYYVLRENLAKARKQFKEAKRTIEAFEHWFGPYPFYEDSYKLVE[APYLG]MEHQS[SVTYG]NGYQNGYLGRD[RSSTG]PGLLFDFIIVHESGHEWFANNITNKDVADMWIHESFTNYSESLFLEYHFTKEQAFEYVRGQRMNIGNQSPIIGEYN[ANRGG]SGDMYDKGGNLLHTIRQVINNDEKWREILRGLGKVFYHQTVTTQDIENYISTQSGIDLSKVFDQYLRDIRIPTFEYFIKDKVMKIRWGNVVKGFDMPLRVTIAGKTQWLAPTATWTTVELEQENPNIAVDANFYISTLSVLGH
9,>AOW79077.1 thi,MAFSTELMIYGQAVNSRLLIGSALYPSPQIMKQAILASGSKIVTLSLKRQNP[AQQSG]TKIWQYIQEVV[KETQG]FLL[PNTAG]CKTAKE[AVTLA]KMSREIFQTDWIKLEVIGDDYNLQPDPIELLKASEQLLNEGFKVLPYCTDDLVVCQRLYDLGCQVIMPW[ASPIG]TGKGLMNPYNLATIRSRLPDATLILDAGIGKPSDACL[AMEMG]YDAVLLNSAIALADSPVLMAKAFAQ[AIVAG]EQGYMAGVMQQRQTAHPSTPTLDTPFWHQ
2,>AOW79076.1 Yih,MLSSPVIHLSKATFTLSAPDIRRLPEDNGIEVAFAGRSNAGKSSALNTLTNQRGLARV[SKTPG]RTQLINIFEVAPNRRLVDLPGYGFAKVPIEMKKKWQKALGEYLEKRDCLKGLVILMDIRHPLKDLDMDLIQWAADSDLPILALLTKCD[KLSQG]KRSAEVLQVKKALASLNADITVQAFSSLKYTGLETANDLICKWLSADLPTDLPESEEF
1,>AOW79075.1 hyp,MQDCAILTMDNLENFEAYDHLLAQP[LLALG]WQMHMVSWHDKSVNWNDYAAVIIRSPWDYQDDAAEFLKVLTDIEQSSAHLENSLLTVEWNIDKKYLRELVSLDVNIVKTLWRKNLTPQQLDQYFTELNVDQLVIKPRISANADNTFWLTKENHQTFYPQLAQAFSASEFLVQPFMKNVIDEGEFSLFYFNGHYSHAILKTPKDDDFRVQEEHGGRLRSITPEASLTKHAEQALKAIKTQIGMPLYARVDFVRCEQGFALMEAELIEPSLYFNMDEQSATRFADAFVHRMQALTL
1,>AOW79074.1 Tet,MKTRDKIIQASIELFNEQGERNVTTNHIAAHL[SISPG]NLYYHFRNKEDIILSIYEEYARNLLLDTVPFVTPEVKPLDTIILYMDAVFQALMKFRFFYSNLPVLLAKNPLLHEKYVDVQSSIATRVSEMLLSLRSTHMMKFADEDLPDIVSILRLVNTFWLSFYQTQNKNIEITDAVFYEGVLKILVIIQPYITESAMPEFLEARTMYRKRCMEVAEIA
3,>AOW79073.1 3-d,MYQQANIYCCYNANAIDDFSPEMLNSDFWHEN[NAITG]S[AQGRG]TTWFVQYDSPEVNTMEKQQWVLRHYFRGGLIGKIINDK[YFFTG]QNSTRAAQEYHLLNTLQGLALPAPKPVAFRVIKQGLFYQADLLSSRIEHAQDLVAVLSKAPLVEHIWREVGKVIRRFHDAGIYHHDLNSHNILLDEENNVWLIDFDRGEQRAVAQSWQQANMARLLRSFEKEKAKLPNFNWQKSDWQLLLAGYLQSNE
2,>AOW79072.1 hyp,MLMFTPIMSLVVLIPIFILGFWLVVTEKITKHQEHHKFFSLLAKVGLCVGIPLNVASILIIQHPAAAISVMLQGVGQTLFYIGQY[LLSAG]YLGLVVCALNKQKWQQFFVAFSPMGQMALTNYLMHSVILTSIFYGYAGGQYGEISRAPQMLIVIAIIVIQIILSKWWLNRYRFGPMEWLWRSLTYKQMQPMKL
12,>AOW79071.1 ace,MTSEK[KQTGG]SLLFDVLQQHGVEHVFGYPGGAIMPIYDALTDSDIQHFLCRHEQGAAFSAVGY[ARASG]KVGVC[FATSG]PGAT[NLITG]LADALADSIPI[VAITG]QVATSVMGSDAFQEIDIFGLSLACTKHSFQVTDINDLEKVLHQAFAIALEGRQGPVLVDIPKDIQIAH[VVSQG]SVVSTLKNKVNLPPANVGSAIAMLCHAKQPVL[YVGGG]VGMANAVDELRDFIDITHIPSVSTLKGLGAISPNNENYLGMLGMHGTKAANLAVQESDLLVVVGARFDDRVTGKLTEFAPHAKVIHFDIDTAEINKRRAAD[SAILG]DLKTNLPALSIPLEIKSWQQKCQQMKADFSWDYNHPGSTIFAPAVLKELSDKMPLNSCVTTDVGQHQMWAAQHMSFDHPSNF[LTSAG][MGTMG]FGL[PAAIG]AQVSRPTDCIITVSGDGSIMMNVQELSTIKRFQLPVKIVLID[NAKLG]MVRQWQDLFFDGRLSETDLSDNPDFVMLANAFDIKAKQISSKAEVSEAIEEMLAHNGPYLLQVKIDAADNVWPLVPPNTANDKMMEST
4,>AOW79070.1 his,MLFRDGKSNSFPDIDPNQATSNILTNN[HLSLG]IEQVTGDLPAYINFHADTLIFHFPSFLDPKNVVLEILEDVPVTPELLAACQSLHEKGYKLALDDFDFDEKWAPFYPIVDIIKIDVLQFSILEISKLVRKLAGLNVTLLAEKVETSQQFERLKMLGFTLFQGYFFAKPEMLKQRKITTAKQNILELISQASQVELNINKISEIF[AVDPG]LTYKLLRFIN[SPTYG]SSQEITSLKHALAYIGQVELKKFIALLALSDLSSDKNPEIMRLSLARAKFCEKIALCRFESENPPK[AFLTG]ILSLIDGILDHELEYVLGVLPIHQEIKSALRGEQCDLGDYLSLVRNIEQGLWAEGEKIAKRITLESELCFQAYKDSLSWADEMIACGT
